time,clock,step,dvx,dvy,dvz,ax,ay,az,avx,avy,avz,heading,twind,twinda,windacc,awind,cmdrudder,cmdsail,lat,long
1568291428.301955,0.025921,0,0.407342,0.000000,0.000000,-0.022148,-0.000000,0.000000,0.000000,0.000000,0.000000,0.000000,0.000000,2.000000,1.592658,0.000000,-0.555360,1.340759,50.359736,-4.114917
1568291428.376022,0.100000,0,0.404484,0.000000,0.000000,-0.021838,-0.000000,0.000000,0.000000,0.000000,0.000000,0.000000,0.000000,2.000000,1.595515,0.000000,-0.555360,1.340759,50.359736,-4.114917
1568291428.475987,0.199969,0,0.449355,0.000604,0.000000,0.906283,0.001217,0.000000,0.000000,0.000000,0.040361,0.001343,-0.000000,2.000000,1.550645,-0.001732,-0.554614,1.340759,50.359737,-4.114917
1568291428.575972,0.299949,0,0.535127,0.004654,0.000000,0.818973,0.007123,0.000000,0.000000,0.000000,0.097098,0.008697,-0.000000,2.000000,1.464881,-0.011874,-0.550510,1.340759,50.359737,-4.114917
1568291428.675998,0.399984,0,0.612357,0.012581,0.000000,0.736500,0.015131,0.000000,0.000000,0.000000,0.133453,0.020542,-0.000000,2.000000,1.387700,-0.029608,-0.543836,1.340759,50.359738,-4.114917
1568291428.775981,0.499965,0,0.681571,0.024032,0.000000,0.660356,0.023284,0.000000,0.000000,0.000000,0.156748,0.035245,0.000000,2.000000,1.318648,-0.053471,-0.535446,1.340759,50.359738,-4.114917
1568291428.875993,0.599981,0,0.743360,0.038565,0.000000,0.591062,0.030664,0.000000,0.000000,0.000000,0.172680,0.051833,-0.000000,2.000000,1.257232,-0.082513,-0.525841,1.340759,50.359739,-4.114917
1568291428.975990,0.699989,0,0.798332,0.055789,0.000000,0.528675,0.036945,0.000000,0.000000,0.000000,0.184524,0.069769,0.000000,2.000000,1.202962,-0.116163,-0.515294,1.340759,50.359740,-4.114917
1568291429.075992,0.799987,0,0.847097,0.075368,0.000000,0.473013,0.042085,0.000000,0.000000,0.000000,0.193842,0.088739,0.000000,2.000000,1.155364,-0.154019,-0.503958,1.340759,50.359740,-4.114917
1568291429.175960,0.899932,0,0.890241,0.097001,0.000000,0.423733,0.046170,0.000000,0.000000,0.000000,0.201312,0.108532,-0.000000,2.000000,1.113990,-0.195718,-0.491936,1.340759,50.359741,-4.114917
1568291429.275994,0.999982,0,0.928320,0.120406,0.000000,0.380385,0.049337,0.000000,0.000000,0.000000,0.207240,0.128983,0.000000,2.000000,1.078422,-0.240866,-0.479314,1.340759,50.359742,-4.114917
1568291429.375983,1.099966,0,0.961852,0.145316,0.000000,0.342447,0.051737,0.000000,0.000000,0.000000,0.211797,0.149946,0.000000,2.000000,1.048269,-0.289018,-0.466167,1.340759,50.359743,-4.114917
1568291429.475992,1.199979,0,0.991309,0.171483,0.000000,0.309360,0.053515,0.000000,0.000000,0.000000,0.215106,0.171291,-0.000000,2.000000,1.023164,-0.339686,-0.452569,1.340759,50.359744,-4.114918
1568291429.575965,1.299941,0,1.017117,0.198671,0.000000,0.280557,0.054801,0.000000,0.000000,0.000000,0.217271,0.192899,-0.000000,2.000000,1.002761,-0.392343,-0.438594,1.340759,50.359745,-4.114918
1568291429.675999,1.399980,0,1.039658,0.226667,0.000000,0.255489,0.055702,0.000000,0.000000,0.000000,0.218386,0.214662,0.000000,2.000000,0.986730,-0.446447,-0.424313,1.340759,50.359746,-4.114918
1568291429.775998,1.499995,0,1.059271,0.255270,0.000000,0.233637,0.056303,0.000000,0.000000,0.000000,0.218537,0.236478,0.000000,2.000000,0.974748,-0.501451,-0.409795,1.340759,50.359747,-4.114919
1568291429.875960,1.599933,0,1.076256,0.284298,0.000000,0.214529,0.056669,0.000000,0.000000,0.000000,0.217805,0.258256,0.000000,2.000000,0.966503,-0.556823,-0.395107,1.340759,50.359748,-4.114919
1568291429.975967,1.699945,0,1.090878,0.313582,0.000000,0.197736,0.056841,0.000000,0.000000,0.000000,0.216264,0.279911,0.000000,2.000000,0.961684,-0.612061,-0.380316,1.340759,50.359749,-4.114919
1568291430.075993,1.799981,0,1.103368,0.342966,0.000000,0.182883,0.056847,0.000000,0.000000,0.000000,0.213984,0.301368,0.000000,2.000000,0.959987,-0.666702,-0.365485,1.340759,50.359750,-4.114920
1568291430.175979,1.899956,0,1.113933,0.372308,0.000000,0.169641,0.056699,0.000000,0.000000,0.000000,0.211033,0.322555,-0.000000,2.000000,0.961107,-0.720336,-0.350675,1.340759,50.359751,-4.114920
1568291430.276031,2.000015,0,1.122756,0.401473,0.000000,0.157730,0.056401,0.000000,0.000000,0.000000,0.207474,0.343410,-0.000000,2.000000,0.964748,-0.772610,-0.335944,1.340759,50.359752,-4.114921
1568291430.375965,2.099941,0,1.129998,0.430342,0.000000,0.146911,0.055949,0.000000,0.000000,0.000000,0.203370,0.363876,-0.000000,2.000000,0.970617,-0.823230,-0.321346,1.340759,50.359753,-4.114921
1568291430.476011,2.199992,0,1.135805,0.458801,0.000000,0.136986,0.055334,0.000000,0.000000,0.000000,0.198781,0.383901,0.000000,2.000000,0.978433,-0.871961,-0.306931,1.340759,50.359754,-4.114922
1568291430.576010,2.299993,0,1.140309,0.486747,0.000000,0.127792,0.054549,0.000000,0.000000,0.000000,0.193766,0.403441,0.000000,2.000000,0.987922,-0.918628,-0.292747,1.340759,50.359755,-4.114923
1568291430.675977,2.399958,0,1.143630,0.514087,0.000000,0.119199,0.053582,0.000000,0.000000,0.000000,0.188384,0.422456,-0.000000,2.000000,0.998827,-0.963104,-0.278837,1.340759,50.359756,-4.114923
1568291430.775959,2.499934,0,1.145878,0.540738,0.000000,0.111101,0.052428,0.000000,0.000000,0.000000,0.182692,0.440915,0.000000,2.000000,1.010902,-1.005311,-0.265237,1.340759,50.359757,-4.114924
1568291430.875989,2.599976,0,1.147152,0.566624,0.000000,0.103418,0.051082,0.000000,0.000000,0.000000,0.176745,0.458788,0.000000,2.000000,1.023920,-1.045213,-0.251983,1.340759,50.359759,-4.114925
1568291430.975952,2.699921,0,1.147548,0.591682,0.000000,0.096091,0.049545,0.000000,0.000000,0.000000,0.170596,0.476054,0.000000,2.000000,1.037672,-1.082805,-0.239102,1.340759,50.359760,-4.114926
1568291431.075992,2.799978,0,1.147151,0.615855,0.000000,0.089075,0.047821,0.000000,0.000000,0.000000,0.164297,0.492696,-0.000000,2.000000,1.051964,-1.118111,-0.226619,1.340758,50.359761,-4.114927
1568291431.175952,2.899923,0,1.146045,0.639099,0.000000,0.082341,0.045918,0.000000,0.000000,0.000000,0.157897,0.508702,-0.000000,2.000000,1.066624,-1.151178,-0.214554,1.340759,50.359762,-4.114927
1568291431.276002,2.999988,0,1.144305,0.661377,0.000000,0.075870,0.043851,0.000000,0.000000,0.000000,0.151441,0.524065,-0.000000,2.000000,1.081496,-1.182069,-0.202922,1.340759,50.359763,-4.114928
1568291431.376009,3.099997,0,1.142002,0.682661,0.000000,0.069651,0.041636,0.000000,0.000000,0.000000,0.144973,0.538783,0.000000,2.000000,1.096443,-1.210862,-0.191734,1.340759,50.359764,-4.114929
1568291431.475989,3.199961,0,1.139204,0.702935,0.000000,0.063681,0.039293,0.000000,0.000000,0.000000,0.138530,0.552855,0.000000,2.000000,1.111345,-1.237642,-0.180997,1.340759,50.359765,-4.114930
1568291431.575984,3.299969,0,1.135973,0.722187,0.000000,0.057958,0.036846,0.000000,0.000000,0.000000,0.132149,0.566288,0.000000,2.000000,1.126098,-1.262502,-0.170715,1.340759,50.359766,-4.114931
1568291431.675999,3.399987,0,1.132368,0.740417,0.000000,0.052486,0.034319,0.000000,0.000000,0.000000,0.125862,0.579088,0.000000,2.000000,1.140615,-1.285539,-0.160888,1.340759,50.359767,-4.114932
1568291431.775985,3.499970,0,1.128443,0.757630,0.000000,0.047269,0.031736,0.000000,0.000000,0.000000,0.119695,0.591269,0.000000,2.000000,1.154823,-1.306852,-0.151513,1.340759,50.359768,-4.114933
1568291431.876017,3.599996,0,1.124249,0.773840,0.000000,0.042312,0.029124,0.000000,0.000000,0.000000,0.113672,0.602842,0.000000,2.000000,1.168661,-1.326538,-0.142584,1.340759,50.359769,-4.114934
1568291431.975970,3.699951,0,1.119832,0.789063,0.000000,0.037620,0.026508,0.000000,0.000000,0.000000,0.107815,0.613824,-0.000000,2.000000,1.182081,-1.344697,-0.134094,1.340759,50.359770,-4.114936
1568291432.075963,3.799935,0,1.115235,0.803324,0.000000,0.033194,0.023910,0.000000,0.000000,0.000000,0.102137,0.624232,0.000000,2.000000,1.195047,-1.361423,-0.126032,1.340759,50.359772,-4.114937
1568291432.175998,3.899989,0,1.110498,0.816651,0.000000,0.029037,0.021354,0.000000,0.000000,0.000000,0.096654,0.634086,-0.000000,2.000000,1.207531,-1.376811,-0.118388,1.340758,50.359773,-4.114938
1568291432.275983,3.999958,0,1.105657,0.829076,0.000000,0.025150,0.018858,0.000000,0.000000,0.000000,0.091374,0.643404,0.000000,2.000000,1.219515,-1.390950,-0.111147,1.340759,50.359774,-4.114939
1568291432.375968,4.099945,0,1.100744,0.840634,0.000000,0.021529,0.016442,0.000000,0.000000,0.000000,0.086304,0.652209,0.000000,2.000000,1.230986,-1.403927,-0.104298,1.340759,50.359775,-4.114940
1568291432.475989,4.199975,0,1.095788,0.851361,0.000000,0.018172,0.014118,0.000000,0.000000,0.000000,0.081448,0.660521,-0.000000,2.000000,1.241940,-1.415823,-0.097824,1.340759,50.359776,-4.114941
1568291432.575967,4.299942,0,1.090816,0.861297,0.000000,0.015073,0.011902,0.000000,0.000000,0.000000,0.076809,0.668361,-0.000000,2.000000,1.252377,-1.426718,-0.091711,1.340759,50.359777,-4.114942
1568291432.675990,4.399977,0,1.085851,0.870482,0.000000,0.012226,0.009801,0.000000,0.000000,0.000000,0.072387,0.675752,0.000000,2.000000,1.262303,-1.436687,-0.085944,1.340759,50.359778,-4.114944
1568291432.776001,4.499992,0,1.080913,0.878957,0.000000,0.009622,0.007824,0.000000,0.000000,0.000000,0.068179,0.682715,-0.000000,2.000000,1.271725,-1.445798,-0.080506,1.340758,50.359779,-4.114945
1568291432.876016,4.600002,0,1.076022,0.886761,0.000000,0.007251,0.005976,0.000000,0.000000,0.000000,0.064182,0.689270,0.000000,2.000000,1.280656,-1.454118,-0.075382,1.340759,50.359780,-4.114946
1568291432.976012,4.699999,0,1.071193,0.893936,0.000000,0.005104,0.004260,0.000000,0.000000,0.000000,0.060392,0.695440,0.000000,2.000000,1.289110,-1.461709,-0.070558,1.340759,50.359781,-4.114947
1568291433.075976,4.799951,0,1.066439,0.900520,0.000000,0.003169,0.002676,0.000000,0.000000,0.000000,0.056803,0.701244,0.000000,2.000000,1.297101,-1.468629,-0.066016,1.340759,50.359782,-4.114949
1568291433.175959,4.899932,0,1.061773,0.906553,0.000000,0.001435,0.001226,0.000000,0.000000,0.000000,0.053410,0.706702,0.000000,2.000000,1.304649,-1.474933,-0.061744,1.340759,50.359783,-4.114950
1568291433.276027,5.000014,0,1.057204,0.912072,0.000000,-0.000110,-0.000095,0.000000,0.000000,0.000000,0.050204,0.711833,-0.000000,2.000000,1.311770,-1.480669,-0.057726,1.340758,50.359784,-4.114951
1568291433.376023,5.100009,0,1.052740,0.917114,0.000000,-0.001479,-0.001288,0.000000,0.000000,0.000000,0.047179,0.716656,0.000000,2.000000,1.318483,-1.485886,-0.053948,1.340759,50.359785,-4.114953
1568291433.475993,5.199978,0,1.048389,0.921712,0.000000,-0.002683,-0.002358,0.000000,0.000000,0.000000,0.044328,0.721187,0.000000,2.000000,1.324808,-1.490626,-0.050397,1.340759,50.359786,-4.114954
1568291433.575970,5.299950,0,1.044156,0.925901,0.000000,-0.003734,-0.003311,0.000000,0.000000,0.000000,0.041642,0.725444,-0.000000,2.000000,1.330763,-1.494931,-0.047060,1.340759,50.359787,-4.114955
1568291433.675984,5.399961,0,1.040044,0.929710,0.000000,-0.004645,-0.004152,0.000000,0.000000,0.000000,0.039115,0.729442,-0.000000,2.000000,1.336367,-1.498837,-0.043925,1.340759,50.359788,-4.114956
1568291433.775991,5.499967,0,1.036058,0.933171,0.000000,-0.005426,-0.004888,0.000000,0.000000,0.000000,0.036737,0.733198,0.000000,2.000000,1.341638,-1.502378,-0.040979,1.340759,50.359789,-4.114958
1568291433.875996,5.599984,0,1.032198,0.936310,0.000000,-0.006089,-0.005524,0.000000,0.000000,0.000000,0.034501,0.736726,0.000000,2.000000,1.346595,-1.505587,-0.038212,1.340759,50.359790,-4.114959
1568291433.975959,5.699933,0,1.028467,0.939155,0.000000,-0.006644,-0.006067,0.000000,0.000000,0.000000,0.032400,0.740038,0.000000,2.000000,1.351254,-1.508492,-0.035613,1.340759,50.359791,-4.114960
1568291434.075992,5.799979,0,1.024865,0.941729,0.000000,-0.007100,-0.006524,0.000000,0.000000,0.000000,0.030427,0.743149,-0.000000,2.000000,1.355633,-1.511121,-0.033172,1.340759,50.359792,-4.114962
1568291434.175973,5.899950,0,1.021391,0.944055,0.000000,-0.007468,-0.006903,0.000000,0.000000,0.000000,0.028574,0.746071,0.000000,2.000000,1.359748,-1.513498,-0.030880,1.340759,50.359793,-4.114963
1568291434.275985,5.999970,0,1.018045,0.946154,0.000000,-0.007756,-0.007208,0.000000,0.000000,0.000000,0.026834,0.748814,0.000000,2.000000,1.363614,-1.515647,-0.028727,1.340759,50.359794,-4.114964
1568291434.375985,6.099970,0,1.014825,0.948047,0.000000,-0.007972,-0.007447,0.000000,0.000000,0.000000,0.025201,0.751391,-0.000000,2.000000,1.367246,-1.517586,-0.026704,1.340759,50.359795,-4.114966
1568291434.475995,6.199982,0,1.011730,0.949752,0.000000,-0.008124,-0.007626,0.000000,0.000000,0.000000,0.023669,0.753811,-0.000000,2.000000,1.370659,-1.519337,-0.024805,1.340758,50.359796,-4.114967
1568291434.576020,6.300010,0,1.008759,0.951284,0.000000,-0.008219,-0.007751,0.000000,0.000000,0.000000,0.022232,0.756084,0.000000,2.000000,1.373864,-1.520915,-0.023020,1.340759,50.359797,-4.114968
1568291434.675996,6.399979,0,1.005907,0.952661,0.000000,-0.008264,-0.007827,0.000000,0.000000,0.000000,0.020883,0.758219,-0.000000,2.000000,1.376875,-1.522337,-0.021344,1.340759,50.359798,-4.114970
1568291434.775997,6.499981,0,1.003174,0.953896,0.000000,-0.008265,-0.007859,0.000000,0.000000,0.000000,0.019618,0.760224,0.000000,2.000000,1.379703,-1.523618,-0.019770,1.340759,50.359799,-4.114971
1568291434.875985,6.599969,0,1.000555,0.955002,0.000000,-0.008227,-0.007852,0.000000,0.000000,0.000000,0.018431,0.762108,-0.000000,2.000000,1.382360,-1.524771,-0.018290,1.340759,50.359800,-4.114972
1568291434.975969,6.699945,0,0.998048,0.955991,0.000000,-0.008155,-0.007812,0.000000,0.000000,0.000000,0.017317,0.763879,0.000000,2.000000,1.384856,-1.525807,-0.016900,1.340759,50.359800,-4.114974
1568291435.075988,6.799973,0,0.995650,0.956875,0.000000,-0.008055,-0.007741,0.000000,0.000000,0.000000,0.016273,0.765542,0.000000,2.000000,1.387202,-1.526738,-0.015594,1.340759,50.359801,-4.114975
1568291435.176003,6.899996,0,0.993358,0.957664,0.000000,-0.007929,-0.007644,0.000000,0.000000,0.000000,0.015293,0.767105,0.000000,2.000000,1.389406,-1.527574,-0.014367,1.340759,50.359802,-4.114976
1568291435.275995,6.999981,0,0.991168,0.958366,0.000000,-0.007782,-0.007525,0.000000,0.000000,0.000000,0.014374,0.768574,0.000000,2.000000,1.391477,-1.528324,-0.013213,1.340759,50.359803,-4.114978
1568291435.375973,7.099952,0,0.989077,0.958990,0.000000,-0.007618,-0.007387,0.000000,0.000000,0.000000,0.013511,0.769955,0.000000,2.000000,1.393423,-1.528996,-0.012128,1.340759,50.359804,-4.114979
1568291435.476002,7.199986,0,0.987081,0.959545,0.000000,-0.007440,-0.007232,0.000000,0.000000,0.000000,0.012702,0.771254,-0.000000,2.000000,1.395253,-1.529599,-0.011109,1.340759,50.359805,-4.114980
1568291435.575991,7.299969,0,0.985177,0.960036,0.000000,-0.007249,-0.007064,0.000000,0.000000,0.000000,0.011943,0.772474,-0.000000,2.000000,1.396973,-1.530137,-0.010150,1.340759,50.359806,-4.114982
1568291435.676022,7.400008,0,0.983363,0.960470,0.000000,-0.007050,-0.006886,0.000000,0.000000,0.000000,0.011230,0.773622,-0.000000,2.000000,1.398590,-1.530619,-0.009249,1.340759,50.359807,-4.114983
1568291435.775995,7.499978,0,0.981633,0.960853,0.000000,-0.006843,-0.006698,0.000000,0.000000,0.000000,0.010561,0.774701,0.000000,2.000000,1.400111,-1.531049,-0.008401,1.340759,50.359808,-4.114984
1568291435.875989,7.599975,0,0.979986,0.961191,0.000000,-0.006631,-0.006504,0.000000,0.000000,0.000000,0.009933,0.775716,0.000000,2.000000,1.401541,-1.531432,-0.007604,1.340759,50.359809,-4.114986
1568291435.975991,7.699980,0,0.978418,0.961487,0.000000,-0.006415,-0.006304,0.000000,0.000000,0.000000,0.009343,0.776671,0.000000,2.000000,1.402885,-1.531774,-0.006855,1.340759,50.359810,-4.114987
1568291436.075965,7.799941,0,0.976925,0.961746,0.000000,-0.006198,-0.006102,0.000000,0.000000,0.000000,0.008790,0.777569,-0.000000,2.000000,1.404150,-1.532078,-0.006149,1.340759,50.359811,-4.114989
1568291436.176009,7.899997,0,0.975505,0.961973,0.000000,-0.005980,-0.005897,0.000000,0.000000,0.000000,0.008270,0.778414,0.000000,2.000000,1.405340,-1.532349,-0.005486,1.340759,50.359812,-4.114990
1568291436.275995,7.999974,0,0.974155,0.962170,0.000000,-0.005763,-0.005692,0.000000,0.000000,0.000000,0.007781,0.779209,0.000000,2.000000,1.406460,-1.532588,-0.004861,1.340759,50.359813,-4.114991
1568291436.375970,8.099948,0,0.972871,0.962341,0.000000,-0.005547,-0.005487,0.000000,0.000000,0.000000,0.007322,0.779957,-0.000000,2.000000,1.407513,-1.532801,-0.004274,1.340759,50.359814,-4.114993
1568291436.476025,8.200012,0,0.971651,0.962488,0.000000,-0.005333,-0.005283,0.000000,0.000000,0.000000,0.006891,0.780661,0.000000,2.000000,1.408505,-1.532989,-0.003721,1.340759,50.359815,-4.114994
1568291436.575962,8.299934,0,0.970492,0.962615,0.000000,-0.005122,-0.005081,0.000000,0.000000,0.000000,0.006486,0.781324,0.000000,2.000000,1.409438,-1.533155,-0.003200,1.340759,50.359815,-4.114995
1568291436.675998,8.399989,0,0.969391,0.962723,0.000000,-0.004915,-0.004882,0.000000,0.000000,0.000000,0.006106,0.781947,-0.000000,2.000000,1.410316,-1.533302,-0.002710,1.340759,50.359816,-4.114997
1568291436.775999,8.499984,0,0.968345,0.962815,0.000000,-0.004713,-0.004686,0.000000,0.000000,0.000000,0.005748,0.782535,0.000000,2.000000,1.411143,-1.533431,-0.002249,1.340759,50.359817,-4.114998
1568291436.875971,8.599944,0,0.967353,0.962892,0.000000,-0.004515,-0.004494,0.000000,0.000000,0.000000,0.005412,0.783087,0.000000,2.000000,1.411921,-1.533544,-0.001815,1.340759,50.359818,-4.114999
1568291436.976031,8.700016,0,0.966411,0.962956,0.000000,-0.004322,-0.004306,0.000000,0.000000,0.000000,0.005096,0.783608,0.000000,2.000000,1.412654,-1.533643,-0.001406,1.340759,50.359819,-4.115001
1568291437.075966,8.799941,0,0.965517,0.963009,0.000000,-0.004134,-0.004123,0.000000,0.000000,0.000000,0.004799,0.784098,-0.000000,2.000000,1.413344,-1.533730,-0.001021,1.340759,50.359820,-4.115002
1568291437.175971,8.899951,0,0.964669,0.963052,0.000000,-0.003952,-0.003945,0.000000,0.000000,0.000000,0.004519,0.784560,-0.000000,2.000000,1.413994,-1.533805,-0.000659,1.340758,50.359821,-4.115003
1568291437.276003,8.999986,0,0.963865,0.963087,0.000000,-0.003775,-0.003772,0.000000,0.000000,0.000000,0.004256,0.784994,0.000000,2.000000,1.414606,-1.533870,-0.000317,1.340759,50.359822,-4.115005
1568291437.375967,9.099941,0,0.963103,0.963113,0.000000,-0.003604,-0.003604,0.000000,0.000000,0.000000,0.004009,0.785404,0.000000,2.000000,1.415183,-1.533927,0.000004,1.340759,50.359823,-4.115006
1568291437.476032,9.200017,0,0.962380,0.963133,0.000000,-0.003439,-0.003442,0.000000,0.000000,0.000000,0.003776,0.785789,-0.000000,2.000000,1.415726,-1.533975,0.000307,1.340759,50.359824,-4.115007
1568291437.575965,9.299940,0,0.961695,0.963147,0.000000,-0.003279,-0.003284,0.000000,0.000000,0.000000,0.003557,0.786153,0.000000,2.000000,1.416238,-1.534017,0.000592,1.340759,50.359825,-4.115009
1568291437.675992,9.399977,0,0.961046,0.963156,0.000000,-0.003126,-0.003133,0.000000,0.000000,0.000000,0.003351,0.786495,-0.000000,2.000000,1.416720,-1.534052,0.000861,1.340759,50.359826,-4.115010
1568291437.775974,9.499952,0,0.960431,0.963161,0.000000,-0.002978,-0.002986,0.000000,0.000000,0.000000,0.003157,0.786817,0.000000,2.000000,1.417174,-1.534082,0.001115,1.340759,50.359827,-4.115012
1568291437.875972,9.599949,0,0.959848,0.963162,0.000000,-0.002836,-0.002846,0.000000,0.000000,0.000000,0.002975,0.787121,0.000000,2.000000,1.417602,-1.534107,0.001353,1.340759,50.359827,-4.115013
1568291437.975979,9.699956,0,0.959297,0.963159,0.000000,-0.002699,-0.002710,0.000000,0.000000,0.000000,0.002803,0.787407,0.000000,2.000000,1.418005,-1.534127,0.001578,1.340759,50.359828,-4.115014
1568291438.076018,9.800005,0,0.958774,0.963154,0.000000,-0.002568,-0.002580,0.000000,0.000000,0.000000,0.002642,0.787677,-0.000000,2.000000,1.418385,-1.534144,0.001790,1.340759,50.359829,-4.115016
1568291438.175962,9.899934,0,0.958279,0.963147,0.000000,-0.002443,-0.002455,0.000000,0.000000,0.000000,0.002490,0.787931,-0.000000,2.000000,1.418744,-1.534158,0.001989,1.340759,50.359830,-4.115017
1568291438.276034,10.000020,0,0.957811,0.963137,0.000000,-0.002322,-0.002335,0.000000,0.000000,0.000000,0.002346,0.788171,-0.000000,2.000000,1.419081,-1.534168,0.002178,1.340758,50.359831,-4.115018
1568291438.376022,10.100015,0,0.957367,0.963126,0.000000,-0.002207,-0.002220,0.000000,0.000000,0.000000,0.002211,0.788397,-0.000000,2.000000,1.419399,-1.534177,0.002355,1.340759,50.359832,-4.115020
1568291438.475961,10.199933,0,0.956948,0.963114,0.000000,-0.002097,-0.002111,0.000000,0.000000,0.000000,0.002084,0.788610,0.000000,2.000000,1.419699,-1.534182,0.002522,1.340759,50.359833,-4.115021
1568291438.576005,10.299997,0,0.956551,0.963100,0.000000,-0.001992,-0.002005,0.000000,0.000000,0.000000,0.001965,0.788810,-0.000000,2.000000,1.419982,-1.534186,0.002680,1.340759,50.359834,-4.115022
1568291438.675964,10.399938,0,0.956175,0.963086,0.000000,-0.001891,-0.001905,0.000000,0.000000,0.000000,0.001852,0.788999,0.000000,2.000000,1.420249,-1.534189,0.002828,1.340759,50.359835,-4.115024
1568291438.775962,10.499938,0,0.955819,0.963071,0.000000,-0.001795,-0.001809,0.000000,0.000000,0.000000,0.001746,0.789177,0.000000,2.000000,1.420500,-1.534189,0.002968,1.340759,50.359836,-4.115025
1568291438.875999,10.599985,0,0.955483,0.963056,0.000000,-0.001704,-0.001717,0.000000,0.000000,0.000000,0.001646,0.789345,-0.000000,2.000000,1.420737,-1.534189,0.003100,1.340758,50.359837,-4.115026
1568291438.975966,10.699942,0,0.955165,0.963041,0.000000,-0.001616,-0.001630,0.000000,0.000000,0.000000,0.001552,0.789504,-0.000000,2.000000,1.420960,-1.534188,0.003224,1.340759,50.359838,-4.115028
1568291439.075989,10.799973,0,0.954864,0.963025,0.000000,-0.001533,-0.001546,0.000000,0.000000,0.000000,0.001463,0.789653,-0.000000,2.000000,1.421171,-1.534185,0.003342,1.340758,50.359838,-4.115029
1568291439.175969,10.899945,0,0.954579,0.963009,0.000000,-0.001454,-0.001467,0.000000,0.000000,0.000000,0.001379,0.789794,0.000000,2.000000,1.421369,-1.534182,0.003452,1.340759,50.359839,-4.115030
1568291439.275986,10.999967,0,0.954310,0.962993,0.000000,-0.001378,-0.001391,0.000000,0.000000,0.000000,0.001300,0.789927,-0.000000,2.000000,1.421556,-1.534179,0.003557,1.340758,50.359840,-4.115032
1568291439.376039,11.100024,0,0.954056,0.962977,0.000000,-0.001307,-0.001319,0.000000,0.000000,0.000000,0.001226,0.790052,0.000000,2.000000,1.421733,-1.534174,0.003655,1.340759,50.359841,-4.115033
1568291439.475960,11.199934,0,0.953815,0.962962,0.000000,-0.001238,-0.001250,0.000000,0.000000,0.000000,0.001156,0.790170,-0.000000,2.000000,1.421899,-1.534170,0.003748,1.340759,50.359842,-4.115035
1568291439.575958,11.299933,0,0.953588,0.962947,0.000000,-0.001173,-0.001185,0.000000,0.000000,0.000000,0.001090,0.790281,0.000000,2.000000,1.422056,-1.534165,0.003835,1.340759,50.359843,-4.115036
1568291439.676012,11.400002,0,0.953373,0.962932,0.000000,-0.001111,-0.001123,0.000000,0.000000,0.000000,0.001028,0.790386,-0.000000,2.000000,1.422204,-1.534160,0.003917,1.340758,50.359844,-4.115037
1568291439.775999,11.499981,0,0.953170,0.962917,0.000000,-0.001053,-0.001063,0.000000,0.000000,0.000000,0.000969,0.790485,0.000000,2.000000,1.422344,-1.534154,0.003995,1.340759,50.359845,-4.115039
1568291439.875983,11.599965,0,0.952978,0.962903,0.000000,-0.000997,-0.001007,0.000000,0.000000,0.000000,0.000914,0.790578,0.000000,2.000000,1.422476,-1.534149,0.004069,1.340759,50.359846,-4.115040
1568291439.976041,11.700046,0,0.952796,0.962889,0.000000,-0.000944,-0.000954,0.000000,0.000000,0.000000,0.000862,0.790667,0.000000,2.000000,1.422600,-1.534143,0.004138,1.340759,50.359847,-4.115041
1568291440.075999,11.799987,0,0.952624,0.962875,0.000000,-0.000894,-0.000903,0.000000,0.000000,0.000000,0.000813,0.790749,0.000000,2.000000,1.422717,-1.534138,0.004203,1.340759,50.359848,-4.115043
1568291440.175989,11.899975,0,0.952462,0.962862,0.000000,-0.000846,-0.000855,0.000000,0.000000,0.000000,0.000767,0.790828,0.000000,2.000000,1.422828,-1.534132,0.004264,1.340759,50.359848,-4.115044
1568291440.275963,11.999937,0,0.952309,0.962849,0.000000,-0.000801,-0.000809,0.000000,0.000000,0.000000,0.000723,0.790902,0.000000,2.000000,1.422932,-1.534126,0.004322,1.340759,50.359849,-4.115045
1568291440.375968,12.099945,0,0.952164,0.962837,0.000000,-0.000758,-0.000766,0.000000,0.000000,0.000000,0.000682,0.790971,0.000000,2.000000,1.423030,-1.534121,0.004377,1.340759,50.359850,-4.115047
1568291440.476021,12.200007,0,0.952028,0.962825,0.000000,-0.000717,-0.000725,0.000000,0.000000,0.000000,0.000643,0.791037,-0.000000,2.000000,1.423123,-1.534115,0.004428,1.340758,50.359851,-4.115048
1568291440.575989,12.299967,0,0.951899,0.962814,0.000000,-0.000678,-0.000686,0.000000,0.000000,0.000000,0.000607,0.791099,-0.000000,2.000000,1.423210,-1.534110,0.004477,1.340759,50.359852,-4.115049
1568291440.675994,12.399980,0,0.951776,0.962803,0.000000,-0.000641,-0.000649,0.000000,0.000000,0.000000,0.000572,0.791157,-0.000000,2.000000,1.423293,-1.534105,0.004523,1.340759,50.359853,-4.115051
1568291440.775965,12.499941,0,0.951661,0.962792,0.000000,-0.000607,-0.000614,0.000000,0.000000,0.000000,0.000540,0.791212,0.000000,2.000000,1.423370,-1.534099,0.004566,1.340759,50.359854,-4.115052
1568291440.875986,12.599972,0,0.951552,0.962782,0.000000,-0.000574,-0.000581,0.000000,0.000000,0.000000,0.000509,0.791264,0.000000,2.000000,1.423444,-1.534094,0.004607,1.340759,50.359855,-4.115053
1568291440.975995,12.699980,0,0.951449,0.962772,0.000000,-0.000543,-0.000549,0.000000,0.000000,0.000000,0.000480,0.791313,0.000000,2.000000,1.423513,-1.534090,0.004646,1.340759,50.359856,-4.115055
1568291441.075963,0.000014,1,0.951352,0.962763,0.000000,-0.000513,-0.000519,0.000000,0.000000,0.000000,0.000453,0.791360,0.000000,2.000000,1.423578,-1.534085,0.004682,1.340759,50.359857,-4.115056
1568291441.175964,0.100020,1,0.951260,0.962754,0.000000,-0.000485,-0.000491,0.000000,0.000000,0.000000,0.000427,0.791403,-0.000000,2.000000,1.423640,-1.534080,-0.557575,0.777544,50.359858,-4.115058
1568291441.275982,0.200044,1,0.951174,0.962746,0.000000,-0.000459,-0.000464,0.000000,0.000000,0.000000,0.000403,0.791444,-0.000000,2.000000,1.423698,-1.534076,-0.557552,0.777544,50.359858,-4.115059
1568291441.375985,0.300050,1,0.917414,0.960806,0.000000,-0.161116,-0.168737,0.000000,0.000000,0.000000,0.264370,0.808497,-0.000000,2.000000,1.447460,-1.534369,-0.548039,0.777544,50.359859,-4.115060
1568291441.476028,0.400090,1,0.874924,0.970751,0.000000,-0.135830,-0.150707,0.000000,0.000000,0.000000,0.295693,0.837271,0.000000,2.000000,1.485985,-1.549167,-0.531626,0.777544,50.359860,-4.115062
1568291441.575970,0.500029,1,0.834615,0.982750,0.000000,-0.106911,-0.125887,0.000000,0.000000,0.000000,0.292980,0.866729,-0.000000,2.000000,1.524441,-1.567311,-0.514367,0.777544,50.359861,-4.115063
1568291441.676025,0.600086,1,0.797681,0.996108,0.000000,-0.078288,-0.097762,0.000000,0.000000,0.000000,0.285436,0.895569,0.000000,2.000000,1.561346,-1.587442,-0.497038,0.777544,50.359862,-4.115064
1568291441.776015,0.700083,1,0.763681,1.010494,0.000000,-0.054984,-0.072755,0.000000,0.000000,0.000000,0.277611,0.923626,-0.000000,2.000000,1.596742,-1.608851,-0.479784,0.777544,50.359863,-4.115066
1568291441.875974,0.800030,1,0.732064,1.025685,0.000000,-0.036496,-0.051135,0.000000,0.000000,0.000000,0.270112,0.950914,0.000000,2.000000,1.630857,-1.631083,-0.462639,0.777544,50.359863,-4.115067
1568291441.975966,0.900021,1,0.702365,1.041490,0.000000,-0.021944,-0.032540,0.000000,0.000000,0.000000,0.262935,0.977469,0.000000,2.000000,1.663898,-1.653798,-0.445623,0.777544,50.359864,-4.115069
1568291442.075984,1.000048,1,0.674219,1.057737,0.000000,-0.010566,-0.016576,0.000000,0.000000,0.000000,0.255990,1.003318,0.000000,2.000000,1.696026,-1.676729,-0.428759,0.777544,50.359865,-4.115070
1568291442.175980,1.100043,1,0.647337,1.074269,0.000000,-0.001748,-0.002901,0.000000,0.000000,0.000000,0.249193,1.028479,0.000000,2.000000,1.727354,-1.699667,-0.412068,0.777544,50.359865,-4.115072
1568291442.276031,1.200094,1,0.621499,1.090947,0.000000,0.004994,0.008767,0.000000,0.000000,0.000000,0.242476,1.052964,0.000000,2.000000,1.757962,-1.722439,-0.395575,0.777544,50.359866,-4.115073
1568291442.375994,1.300060,1,0.596535,1.107643,0.000000,0.010051,0.018663,0.000000,0.000000,0.000000,0.235789,1.076777,0.000000,2.000000,1.787900,-1.744910,-0.379308,0.777544,50.359867,-4.115075
1568291442.475976,1.400035,1,0.572319,1.124243,0.000000,0.013737,0.026985,0.000000,0.000000,0.000000,0.229093,1.099919,0.000000,2.000000,1.817195,-1.766967,-0.363292,0.777544,50.359867,-4.115076
1568291442.575982,1.500045,1,0.548757,1.140645,0.000000,0.016309,0.033900,0.000000,0.000000,0.000000,0.222365,1.122388,-0.000000,2.000000,1.845854,-1.788520,-0.347555,0.777544,50.359868,-4.115078
1568291442.675974,1.600031,1,0.525783,1.156759,0.000000,0.017977,0.039550,0.000000,0.000000,0.000000,0.215590,1.144181,0.000000,2.000000,1.873875,-1.809498,-0.332125,0.777544,50.359868,-4.115079
1568291442.775991,1.700051,1,0.503352,1.172503,0.000000,0.018915,0.044059,0.000000,0.000000,0.000000,0.208761,1.165292,0.000000,2.000000,1.901242,-1.829841,-0.317027,0.777544,50.359869,-4.115081
1568291442.875987,1.800051,1,0.481437,1.187809,0.000000,0.019268,0.047538,0.000000,0.000000,0.000000,0.201881,1.185716,0.000000,2.000000,1.927932,-1.849504,-0.302286,0.777544,50.359869,-4.115083
1568291442.975955,1.900004,1,0.460024,1.202615,0.000000,0.019158,0.050082,0.000000,0.000000,0.000000,0.194958,1.205450,0.000000,2.000000,1.953921,-1.868454,-0.287923,0.777544,50.359870,-4.115084
1568291443.076030,2.000093,1,0.439108,1.216869,0.000000,0.018686,0.051783,0.000000,0.000000,0.000000,0.188002,1.224488,0.000000,2.000000,1.979180,-1.886664,-0.273960,0.777544,50.359870,-4.115086
1568291443.175987,2.100051,1,0.418692,1.230528,0.000000,0.017939,0.052723,0.000000,0.000000,0.000000,0.181032,1.242830,0.000000,2.000000,2.003680,-1.904118,-0.260414,0.777544,50.359871,-4.115088
1568291443.275979,2.200040,1,0.398786,1.243558,0.000000,0.016990,0.052980,0.000000,0.000000,0.000000,0.174064,1.260475,0.000000,2.000000,2.027393,-1.920806,-0.247300,0.777544,50.359871,-4.115090
1568291443.375982,2.300047,1,0.379402,1.255931,0.000000,0.015898,0.052626,0.000000,0.000000,0.000000,0.167121,1.277425,-0.000000,2.000000,2.050293,-1.936722,-0.234630,0.777544,50.359872,-4.115091
1568291443.475968,2.400038,1,0.360553,1.267628,0.000000,0.014714,0.051732,0.000000,0.000000,0.000000,0.160222,1.293684,0.000000,2.000000,2.072358,-1.951871,-0.222413,0.777544,50.359872,-4.115093
1568291443.575979,2.500042,1,0.342253,1.278634,0.000000,0.013481,0.050365,0.000000,0.000000,0.000000,0.153391,1.309257,-0.000000,2.000000,2.093569,-1.966256,-0.210656,0.777544,50.359872,-4.115095
1568291443.675975,2.600032,1,0.324517,1.288944,0.000000,0.012233,0.048589,0.000000,0.000000,0.000000,0.146648,1.324152,0.000000,2.000000,2.113911,-1.979890,-0.199362,0.777544,50.359873,-4.115097
1568291443.775954,2.700005,1,0.307358,1.298557,0.000000,0.010998,0.046466,0.000000,0.000000,0.000000,0.140013,1.338381,0.000000,2.000000,2.133374,-1.992786,-0.188533,0.777544,50.359873,-4.115099
1568291443.876024,2.800087,1,0.290786,1.307475,0.000000,0.009798,0.044054,0.000000,0.000000,0.000000,0.133507,1.351955,0.000000,2.000000,2.151953,-2.004961,-0.178167,0.777544,50.359873,-4.115100
1568291443.976032,2.900096,1,0.274811,1.315710,0.000000,0.008649,0.041409,0.000000,0.000000,0.000000,0.127145,1.364888,0.000000,2.000000,2.169648,-2.016434,-0.168260,0.777544,50.359874,-4.115102
1568291444.075994,3.000084,1,0.259437,1.323273,0.000000,0.007564,0.038583,0.000000,0.000000,0.000000,0.120943,1.377195,0.000000,2.000000,2.186461,-2.027227,-0.158806,0.777544,50.359874,-4.115104
1568291444.175998,3.100063,1,0.244668,1.330182,0.000000,0.006552,0.035623,0.000000,0.000000,0.000000,0.114916,1.388894,-0.000000,2.000000,2.202402,-2.037365,-0.149797,0.777544,50.359874,-4.115106
1568291444.275957,3.200008,1,0.230505,1.336456,0.000000,0.005619,0.032576,0.000000,0.000000,0.000000,0.109074,1.400002,-0.000000,2.000000,2.217482,-2.046871,-0.141223,0.777544,50.359874,-4.115108
1568291444.375984,3.300049,1,0.216945,1.342118,0.000000,0.004765,0.029481,0.000000,0.000000,0.000000,0.103426,1.410539,0.000000,2.000000,2.231718,-2.055770,-0.133075,0.777544,50.359875,-4.115110
1568291444.475993,3.400057,1,0.203983,1.347194,0.000000,0.003994,0.026376,0.000000,0.000000,0.000000,0.097981,1.420524,0.000000,2.000000,2.245130,-2.064090,-0.125339,0.777544,50.359875,-4.115112
1568291444.575957,3.500007,1,0.191613,1.351709,0.000000,0.003302,0.023292,0.000000,0.000000,0.000000,0.092742,1.429979,-0.000000,2.000000,2.257738,-2.071856,-0.118003,0.777544,50.359875,-4.115113
1568291444.676026,3.600089,1,0.179823,1.355692,0.000000,0.002687,0.020259,0.000000,0.000000,0.000000,0.087714,1.438923,0.000000,2.000000,2.269569,-2.079096,-0.111054,0.777544,50.359875,-4.115115
1568291444.775959,3.700012,1,0.168602,1.359171,0.000000,0.002146,0.017301,0.000000,0.000000,0.000000,0.082897,1.447379,-0.000000,2.000000,2.280650,-2.085837,-0.104475,0.777544,50.359876,-4.115117
1568291444.875999,3.800050,1,0.157937,1.362175,0.000000,0.001674,0.014438,0.000000,0.000000,0.000000,0.078292,1.455367,0.000000,2.000000,2.291008,-2.092103,-0.098254,0.777544,50.359876,-4.115119
1568291444.975976,3.900040,1,0.147812,1.364735,0.000000,0.001266,0.011688,0.000000,0.000000,0.000000,0.073898,1.462908,0.000000,2.000000,2.300674,-2.097923,-0.092375,0.777544,50.359876,-4.115121
1568291445.075958,4.000010,1,0.138212,1.366878,0.000000,0.000917,0.009065,0.000000,0.000000,0.000000,0.069711,1.470024,0.000000,2.000000,2.309678,-2.103320,-0.086823,0.777544,50.359876,-4.115123
1568291445.175976,4.100031,1,0.129118,1.368635,0.000000,0.000621,0.006578,0.000000,0.000000,0.000000,0.065728,1.476734,-0.000000,2.000000,2.318052,-2.108319,-0.081583,0.777544,50.359876,-4.115125
1568291445.275985,4.200050,1,0.120512,1.370034,0.000000,0.000373,0.004236,0.000000,0.000000,0.000000,0.061945,1.483060,0.000000,2.000000,2.325826,-2.112945,-0.076640,0.777544,50.359877,-4.115127
1568291445.375979,4.300033,1,0.112375,1.371102,0.000000,0.000168,0.002044,0.000000,0.000000,0.000000,0.058357,1.489019,0.000000,2.000000,2.333034,-2.117221,-0.071980,0.777544,50.359877,-4.115129
1568291445.476010,4.400081,1,0.104689,1.371866,0.000000,0.000000,0.000005,0.000000,0.000000,0.000000,0.054956,1.494633,-0.000000,2.000000,2.339705,-2.121168,-0.067589,0.777544,50.359877,-4.115131
1568291445.575983,4.500043,1,0.097434,1.372352,0.000000,-0.000134,-0.001881,0.000000,0.000000,0.000000,0.051737,1.499918,-0.000000,2.000000,2.345871,-2.124807,-0.063453,0.777544,50.359877,-4.115133
1568291445.675990,4.600055,1,0.090590,1.372586,0.000000,-0.000239,-0.003614,0.000000,0.000000,0.000000,0.048694,1.504893,-0.000000,2.000000,2.351561,-2.128160,-0.059558,0.777544,50.359877,-4.115135
1568291445.775974,4.700028,1,0.084138,1.372589,0.000000,-0.000319,-0.005198,0.000000,0.000000,0.000000,0.045819,1.509574,0.000000,2.000000,2.356805,-2.131245,-0.055891,0.777544,50.359877,-4.115136
1568291445.875977,4.800035,1,0.078060,1.372386,0.000000,-0.000377,-0.006635,0.000000,0.000000,0.000000,0.043105,1.513979,0.000000,2.000000,2.361630,-2.134080,-0.052439,0.777544,50.359877,-4.115138
1568291445.975986,4.900046,1,0.072336,1.371996,0.000000,-0.000418,-0.007930,0.000000,0.000000,0.000000,0.040545,1.518122,-0.000000,2.000000,2.366065,-2.136684,-0.049192,0.777544,50.359878,-4.115140
1568291446.076025,5.000089,1,0.066948,1.371440,0.000000,-0.000444,-0.009088,0.000000,0.000000,0.000000,0.038132,1.522019,0.000000,2.000000,2.370134,-2.139072,-0.046137,0.777544,50.359878,-4.115142
1568291446.175970,5.100024,1,0.061879,1.370737,0.000000,-0.000457,-0.010116,0.000000,0.000000,0.000000,0.035859,1.525684,0.000000,2.000000,2.373864,-2.141259,-0.043263,0.777544,50.359878,-4.115144
1568291446.275988,5.200052,1,0.057112,1.369903,0.000000,-0.000459,-0.011021,0.000000,0.000000,0.000000,0.033718,1.529130,0.000000,2.000000,2.377278,-2.143261,-0.040561,0.777544,50.359878,-4.115146
1568291446.375991,5.300055,1,0.052629,1.368956,0.000000,-0.000454,-0.011808,0.000000,0.000000,0.000000,0.031703,1.532370,0.000000,2.000000,2.380397,-2.145091,-0.038019,0.777544,50.359878,-4.115148
1568291446.475965,5.400020,1,0.048416,1.367909,0.000000,-0.000442,-0.012485,0.000000,0.000000,0.000000,0.029807,1.535417,-0.000000,2.000000,2.383245,-2.146762,-0.035629,0.777544,50.359878,-4.115150
1568291446.575988,5.500051,1,0.044456,1.366777,0.000000,-0.000425,-0.013058,0.000000,0.000000,0.000000,0.028024,1.538281,0.000000,2.000000,2.385840,-2.148285,-0.033381,0.777544,50.359878,-4.115152
1568291446.675967,5.600018,1,0.040736,1.365574,0.000000,-0.000404,-0.013536,0.000000,0.000000,0.000000,0.026348,1.540975,0.000000,2.000000,2.388202,-2.149673,-0.031268,0.777544,50.359878,-4.115154
1568291446.776022,5.700093,1,0.037241,1.364309,0.000000,-0.000380,-0.013924,0.000000,0.000000,0.000000,0.024772,1.543507,0.000000,2.000000,2.390348,-2.150935,-0.029281,0.777544,50.359878,-4.115156
1568291446.876019,5.800084,1,0.033958,1.362995,0.000000,-0.000355,-0.014230,0.000000,0.000000,0.000000,0.023292,1.545887,-0.000000,2.000000,2.392295,-2.152081,-0.027412,0.777544,50.359878,-4.115158
1568291446.975985,5.900040,1,0.030874,1.361641,0.000000,-0.000328,-0.014460,0.000000,0.000000,0.000000,0.021900,1.548126,0.000000,2.000000,2.394060,-2.153121,-0.025655,0.777544,50.359878,-4.115160
1568291447.076000,6.000068,1,0.027979,1.360256,0.000000,-0.000301,-0.014620,0.000000,0.000000,0.000000,0.020593,1.550231,0.000000,2.000000,2.395655,-2.154063,-0.024003,0.777544,50.359879,-4.115161
1568291447.175967,6.100022,1,0.025259,1.358848,0.000000,-0.000274,-0.014718,0.000000,0.000000,0.000000,0.019365,1.552210,0.000000,2.000000,2.397096,-2.154915,-0.022449,0.777544,50.359879,-4.115163
1568291447.275987,6.200051,1,0.022705,1.357425,0.000000,-0.000247,-0.014758,0.000000,0.000000,0.000000,0.018212,1.554071,-0.000000,2.000000,2.398395,-2.155684,-0.020987,0.777544,50.359879,-4.115165
1568291447.375988,6.300051,1,0.020307,1.355993,0.000000,-0.000221,-0.014746,0.000000,0.000000,0.000000,0.017128,1.555822,0.000000,2.000000,2.399563,-2.156376,-0.019613,0.777544,50.359879,-4.115167
1568291447.475976,6.400028,1,0.018055,1.354558,0.000000,-0.000196,-0.014687,0.000000,0.000000,0.000000,0.016110,1.557468,-0.000000,2.000000,2.400611,-2.157000,-0.018320,0.777544,50.359879,-4.115169
1568291447.575964,6.500018,1,0.015939,1.353125,0.000000,-0.000172,-0.014586,0.000000,0.000000,0.000000,0.015155,1.559017,0.000000,2.000000,2.401550,-2.157559,-0.017104,0.777544,50.359879,-4.115171
1568291447.675988,6.600052,1,0.013953,1.351699,0.000000,-0.000149,-0.014448,0.000000,0.000000,0.000000,0.014257,1.560474,-0.000000,2.000000,2.402389,-2.158060,-0.015960,0.777544,50.359879,-4.115173
1568291447.775961,6.700012,1,0.012087,1.350285,0.000000,-0.000128,-0.014277,0.000000,0.000000,0.000000,0.013414,1.561845,0.000000,2.000000,2.403137,-2.158507,-0.014884,0.777544,50.359879,-4.115175
1568291447.875988,6.800051,1,0.010335,1.348885,0.000000,-0.000108,-0.014078,0.000000,0.000000,0.000000,0.012622,1.563135,0.000000,2.000000,2.403801,-2.158906,-0.013871,0.777544,50.359879,-4.115177
1568291447.975973,6.900032,1,0.008688,1.347504,0.000000,-0.000089,-0.013852,0.000000,0.000000,0.000000,0.011878,1.564349,0.000000,2.000000,2.404389,-2.159259,-0.012918,0.777544,50.359879,-4.115179
1568291448.076021,7.000094,1,0.007142,1.346143,0.000000,-0.000072,-0.013606,0.000000,0.000000,0.000000,0.011179,1.565491,0.000000,2.000000,2.404908,-2.159573,-0.012020,0.777544,50.359879,-4.115180
1568291448.176035,7.100098,1,0.005689,1.344806,0.000000,-0.000056,-0.013340,0.000000,0.000000,0.000000,0.010522,1.566566,0.000000,2.000000,2.405365,-2.159849,-0.011176,0.777544,50.359879,-4.115182
1568291448.275985,7.200051,1,0.004324,1.343494,0.000000,-0.000042,-0.013058,0.000000,0.000000,0.000000,0.009905,1.567578,0.000000,2.000000,2.405764,-2.160092,-0.010381,0.777544,50.359879,-4.115184
1568291448.375988,7.300052,1,0.003041,1.342209,0.000000,-0.000029,-0.012764,0.000000,0.000000,0.000000,0.009325,1.568531,-0.000000,2.000000,2.406112,-2.160304,-0.009633,0.777544,50.359879,-4.115186
1568291448.476015,7.400079,1,0.001835,1.340953,0.000000,-0.000017,-0.012458,0.000000,0.000000,0.000000,0.008781,1.569428,0.000000,2.000000,2.406412,-2.160488,-0.008928,0.777544,50.359879,-4.115188
1568291448.575990,7.500053,1,0.000701,1.339727,0.000000,-0.000006,-0.012145,0.000000,0.000000,0.000000,0.008269,1.570273,0.000000,2.000000,2.406671,-2.160647,-0.008265,0.777544,50.359880,-4.115190
1568291448.676035,7.600097,1,-0.000364,1.338531,0.000000,0.000003,-0.011824,0.000000,0.000000,0.000000,0.007787,1.571068,0.000000,2.000000,2.406890,-2.160784,-0.007640,0.777544,50.359880,-4.115192
1568291448.775962,7.700016,1,-0.001366,1.337367,0.000000,0.000012,-0.011499,0.000000,0.000000,0.000000,0.007335,1.571818,0.000000,2.000000,2.407076,-2.160900,-0.007052,0.777544,50.359880,-4.115194
1568291448.875957,7.800009,1,-0.002308,1.336234,0.000000,0.000019,-0.011171,0.000000,0.000000,0.000000,0.006909,1.572523,0.000000,2.000000,2.407230,-2.160997,-0.006498,0.777544,50.359880,-4.115196
1568291448.976036,7.900099,1,-0.003194,1.335134,0.000000,0.000026,-0.010842,0.000000,0.000000,0.000000,0.006509,1.573188,-0.000000,2.000000,2.407357,-2.161077,-0.005975,0.777544,50.359880,-4.115197
1568291449.075966,8.000020,1,-0.004027,1.334066,0.000000,0.000032,-0.010512,0.000000,0.000000,0.000000,0.006133,1.573815,-0.000000,2.000000,2.407459,-2.161143,-0.005483,0.777544,50.359880,-4.115199
1568291449.175957,8.100009,1,-0.004811,1.333031,0.000000,0.000037,-0.010183,0.000000,0.000000,0.000000,0.005779,1.574405,-0.000000,2.000000,2.407538,-2.161195,-0.005020,0.777544,50.359880,-4.115201
1568291449.275984,8.200049,1,-0.005548,1.332028,0.000000,0.000041,-0.009856,0.000000,0.000000,0.000000,0.005446,1.574961,-0.000000,2.000000,2.407597,-2.161235,-0.004583,0.777544,50.359880,-4.115203
1568291449.375989,8.300052,1,-0.006242,1.331058,0.000000,0.000045,-0.009531,0.000000,0.000000,0.000000,0.005133,1.575486,0.000000,2.000000,2.407638,-2.161264,-0.004171,0.777544,50.359880,-4.115205
1568291449.476001,8.400061,1,-0.006895,1.330119,0.000000,0.000048,-0.009211,0.000000,0.000000,0.000000,0.004839,1.575980,0.000000,2.000000,2.407664,-2.161283,-0.003783,0.777544,50.359880,-4.115207
1568291449.575970,8.500024,1,-0.007509,1.329213,0.000000,0.000050,-0.008895,0.000000,0.000000,0.000000,0.004561,1.576445,-0.000000,2.000000,2.407675,-2.161294,-0.003417,0.777544,50.359880,-4.115209
1568291449.675987,8.600052,1,-0.008088,1.328337,0.000000,0.000052,-0.008583,0.000000,0.000000,0.000000,0.004300,1.576885,-0.000000,2.000000,2.407674,-2.161298,-0.003072,0.777544,50.359880,-4.115211
1568291449.775963,8.700016,1,-0.008632,1.327492,0.000000,0.000054,-0.008277,0.000000,0.000000,0.000000,0.004055,1.577299,-0.000000,2.000000,2.407663,-2.161294,-0.002747,0.777544,50.359880,-4.115212
1568291449.875965,8.800020,1,-0.009145,1.326678,0.000000,0.000055,-0.007978,0.000000,0.000000,0.000000,0.003823,1.577689,-0.000000,2.000000,2.407641,-2.161285,-0.002440,0.777544,50.359880,-4.115214
1568291449.975985,8.900040,1,-0.009628,1.325893,0.000000,0.000056,-0.007684,0.000000,0.000000,0.000000,0.003606,1.578057,-0.000000,2.000000,2.407612,-2.161271,-0.002151,0.777544,50.359880,-4.115216
1568291450.075990,9.000055,1,-0.010082,1.325137,0.000000,0.000056,-0.007398,0.000000,0.000000,0.000000,0.003401,1.578405,-0.000000,2.000000,2.407575,-2.161252,-0.001879,0.777544,50.359880,-4.115218
1568291450.175967,9.100020,1,-0.010511,1.324409,0.000000,0.000056,-0.007118,0.000000,0.000000,0.000000,0.003208,1.578732,-0.000000,2.000000,2.407533,-2.161229,-0.001621,0.777544,50.359880,-4.115220
1568291450.276001,9.200069,1,-0.010914,1.323709,0.000000,0.000056,-0.006845,0.000000,0.000000,0.000000,0.003026,1.579041,0.000000,2.000000,2.407485,-2.161203,-0.001379,0.777544,50.359880,-4.115222
1568291450.375967,9.300020,1,-0.011294,1.323036,0.000000,0.000056,-0.006579,0.000000,0.000000,0.000000,0.002854,1.579332,-0.000000,2.000000,2.407432,-2.161174,-0.001150,0.777544,50.359880,-4.115224
1568291450.476018,9.400076,1,-0.011652,1.322390,0.000000,0.000056,-0.006321,0.000000,0.000000,0.000000,0.002693,1.579607,0.000000,2.000000,2.407376,-2.161143,-0.000934,0.777544,50.359880,-4.115225
1568291450.575985,9.500050,1,-0.011989,1.321768,0.000000,0.000055,-0.006070,0.000000,0.000000,0.000000,0.002541,1.579867,0.000000,2.000000,2.407317,-2.161109,-0.000730,0.777544,50.359881,-4.115227
1568291450.675958,9.600010,1,-0.012307,1.321172,0.000000,0.000054,-0.005827,0.000000,0.000000,0.000000,0.002398,1.580112,-0.000000,2.000000,2.407255,-2.161075,-0.000538,0.777544,50.359881,-4.115229
1568291450.775956,9.700008,1,-0.012607,1.320599,0.000000,0.000053,-0.005591,0.000000,0.000000,0.000000,0.002263,1.580343,0.000000,2.000000,2.407191,-2.161038,-0.000356,0.777544,50.359881,-4.115231
1568291450.875985,9.800049,1,-0.012890,1.320050,0.000000,0.000052,-0.005363,0.000000,0.000000,0.000000,0.002135,1.580561,0.000000,2.000000,2.407126,-2.161001,-0.000185,0.777544,50.359881,-4.115233
1568291450.975981,9.900041,1,-0.013156,1.319523,0.000000,0.000051,-0.005142,0.000000,0.000000,0.000000,0.002015,1.580766,0.000000,2.000000,2.407060,-2.160963,-0.000024,0.777544,50.359881,-4.115235
1568291451.075990,0.000029,2,-0.013407,1.319018,0.000000,0.000050,-0.004928,0.000000,0.000000,0.000000,0.001902,1.580961,0.000000,2.000000,2.406993,-2.160925,0.000129,0.777544,50.359881,-4.115237
1568291451.176004,0.100048,2,-0.013644,1.318534,0.000000,0.000049,-0.004721,0.000000,0.000000,0.000000,0.001796,1.581144,0.000000,2.000000,2.406926,-2.160886,0.785398,0.000000,50.359881,-4.115238
1568291451.275992,0.200030,2,-0.013867,1.318071,0.000000,0.000048,-0.004522,0.000000,0.000000,0.000000,0.001695,1.581317,0.000000,2.000000,2.406859,-2.160847,0.785398,0.000000,50.359881,-4.115240
1568291451.375991,0.300030,2,0.008399,1.215792,0.000000,-0.006569,-0.950885,0.000000,0.000000,0.000000,-0.268729,1.563888,0.000000,2.000000,2.333372,-2.111963,0.785398,0.000000,50.359881,-4.115242
1568291451.475976,0.400006,2,0.040141,1.127574,0.000000,-0.029101,-0.817471,0.000000,0.000000,0.000000,-0.289413,1.535212,0.000000,2.000000,2.261078,-2.057298,0.785398,0.000000,50.359881,-4.115244
1568291451.575967,0.499995,2,0.067129,1.050408,0.000000,-0.045356,-0.709712,0.000000,0.000000,0.000000,-0.275405,1.506976,0.000000,2.000000,2.199852,-2.004772,0.785398,0.000000,50.359881,-4.115245
1568291451.675986,0.600023,2,0.089092,0.982338,0.000000,-0.056362,-0.621456,0.000000,0.000000,0.000000,-0.258869,1.480350,0.000000,2.000000,2.148618,-1.955189,0.785398,0.000000,50.359881,-4.115247
1568291451.775978,0.700007,2,0.106934,0.921859,0.000000,-0.063601,-0.548295,0.000000,0.000000,0.000000,-0.243632,1.455315,-0.000000,2.000000,2.105594,-1.908481,0.785398,0.000000,50.359881,-4.115248
1568291451.876044,0.800084,2,0.121477,0.867780,0.000000,-0.068173,-0.486998,0.000000,0.000000,0.000000,-0.229990,1.431714,-0.000000,2.000000,2.069273,-1.864460,0.785398,0.000000,50.359881,-4.115249
1568291451.975973,0.900005,2,0.133369,0.819147,0.000000,-0.070849,-0.435151,0.000000,0.000000,0.000000,-0.217778,1.409398,-0.000000,2.000000,2.038459,-1.822930,0.785398,0.000000,50.359882,-4.115250
1568291452.076006,1.000034,2,0.143113,0.775185,0.000000,-0.072171,-0.390923,0.000000,0.000000,0.000000,-0.206796,1.388234,0.000000,2.000000,2.012198,-1.783705,0.785398,0.000000,50.359882,-4.115252
1568291452.175979,1.100013,2,0.151104,0.735261,0.000000,-0.072525,-0.352904,0.000000,0.000000,0.000000,-0.196869,1.368108,0.000000,2.000000,1.989730,-1.746609,0.785398,0.000000,50.359882,-4.115253
1568291452.275966,1.199993,2,0.157651,0.698848,0.000000,-0.072187,-0.319996,0.000000,0.000000,0.000000,-0.187854,1.348924,0.000000,2.000000,1.970442,-1.711481,0.785398,0.000000,50.359882,-4.115254
1568291452.375984,1.300020,2,0.163002,0.665511,0.000000,-0.071355,-0.291332,0.000000,0.000000,0.000000,-0.179630,1.330597,0.000000,2.000000,1.953834,-1.678171,0.785398,0.000000,50.359882,-4.115255
1568291452.476023,1.400061,2,0.167358,0.634881,0.000000,-0.070177,-0.266219,0.000000,0.000000,0.000000,-0.172097,1.313054,-0.000000,2.000000,1.939497,-1.646544,0.785398,0.000000,50.359883,-4.115256
1568291452.575974,1.500021,2,0.170881,0.606646,0.000000,-0.068759,-0.244102,0.000000,0.000000,0.000000,-0.165171,1.296230,-0.000000,2.000000,1.927096,-1.616474,0.785398,0.000000,50.359883,-4.115256
1568291452.675989,1.600027,2,0.173701,0.580541,0.000000,-0.067180,-0.224528,0.000000,0.000000,0.000000,-0.158783,1.280068,0.000000,2.000000,1.916349,-1.587845,0.785398,0.000000,50.359883,-4.115257
1568291452.775958,1.700002,2,0.175930,0.556338,0.000000,-0.065499,-0.207126,0.000000,0.000000,0.000000,-0.152871,1.264519,0.000000,2.000000,1.907025,-1.560555,0.785398,0.000000,50.359883,-4.115258
1568291452.876017,1.800048,2,0.177656,0.533840,0.000000,-0.063759,-0.191591,0.000000,0.000000,0.000000,-0.147384,1.249537,-0.000000,2.000000,1.898927,-1.534505,0.785398,0.000000,50.359883,-4.115259
1568291452.976034,1.900071,2,0.178954,0.512877,0.000000,-0.061992,-0.177668,0.000000,0.000000,0.000000,-0.142278,1.235082,-0.000000,2.000000,1.891891,-1.509610,0.785398,0.000000,50.359884,-4.115260
1568291453.075971,2.000003,2,0.179888,0.493300,0.000000,-0.060223,-0.165146,0.000000,0.000000,0.000000,-0.137515,1.221119,0.000000,2.000000,1.885776,-1.485788,0.785398,0.000000,50.359884,-4.115260
1568291453.175964,2.099990,2,0.180510,0.474978,0.000000,-0.058467,-0.153845,0.000000,0.000000,0.000000,-0.133060,1.207615,-0.000000,2.000000,1.880464,-1.462967,0.785398,0.000000,50.359884,-4.115261
1568291453.275948,2.199968,2,0.180866,0.457798,0.000000,-0.056739,-0.143614,0.000000,0.000000,0.000000,-0.128886,1.194541,0.000000,2.000000,1.875854,-1.441079,0.785398,0.000000,50.359884,-4.115262
1568291453.375961,2.299989,2,0.180992,0.441659,0.000000,-0.055046,-0.134324,0.000000,0.000000,0.000000,-0.124966,1.181870,0.000000,2.000000,1.871858,-1.420063,0.785398,0.000000,50.359884,-4.115262
1568291453.475976,2.400010,2,0.180922,0.426470,0.000000,-0.053396,-0.125865,0.000000,0.000000,0.000000,-0.121277,1.169578,0.000000,2.000000,1.868401,-1.399862,0.785398,0.000000,50.359885,-4.115263
1568291453.575963,2.499990,2,0.180682,0.412153,0.000000,-0.051792,-0.118143,0.000000,0.000000,0.000000,-0.117801,1.157643,0.000000,2.000000,1.865419,-1.380425,0.785398,0.000000,50.359885,-4.115263
1568291453.676019,2.600050,2,0.180297,0.398636,0.000000,-0.050238,-0.111075,0.000000,0.000000,0.000000,-0.114518,1.146045,0.000000,2.000000,1.862856,-1.361705,0.785398,0.000000,50.359885,-4.115264
1568291453.775987,2.700025,2,0.179786,0.385856,0.000000,-0.048734,-0.104592,0.000000,0.000000,0.000000,-0.111414,1.134765,0.000000,2.000000,1.860662,-1.343657,0.785398,0.000000,50.359885,-4.115265
1568291453.875971,2.799997,2,0.179168,0.373756,0.000000,-0.047281,-0.098631,0.000000,0.000000,0.000000,-0.108474,1.123787,0.000000,2.000000,1.858796,-1.326241,0.785398,0.000000,50.359886,-4.115265
1568291453.975968,2.899997,2,0.178457,0.362284,0.000000,-0.045880,-0.093140,0.000000,0.000000,0.000000,-0.105685,1.113094,-0.000000,2.000000,1.857220,-1.309421,0.785398,0.000000,50.359886,-4.115266
1568291454.075986,3.000023,2,0.177668,0.351394,0.000000,-0.044529,-0.088070,0.000000,0.000000,0.000000,-0.103036,1.102672,0.000000,2.000000,1.855902,-1.293161,0.785398,0.000000,50.359886,-4.115266
1568291454.175980,3.100013,2,0.176810,0.341044,0.000000,-0.043228,-0.083381,0.000000,0.000000,0.000000,-0.100517,1.092508,-0.000000,2.000000,1.854814,-1.277430,0.785398,0.000000,50.359886,-4.115267
1568291454.276032,3.200064,2,0.175894,0.331196,0.000000,-0.041975,-0.079036,0.000000,0.000000,0.000000,-0.098118,1.082590,0.000000,2.000000,1.853929,-1.262199,0.785398,0.000000,50.359886,-4.115267
1568291454.375963,3.299990,2,0.174929,0.321816,0.000000,-0.040770,-0.075004,0.000000,0.000000,0.000000,-0.095831,1.072904,0.000000,2.000000,1.853227,-1.247441,0.785398,0.000000,50.359887,-4.115268
1568291454.475987,3.400024,2,0.173922,0.312872,0.000000,-0.039610,-0.071255,0.000000,0.000000,0.000000,-0.093649,1.063442,-0.000000,2.000000,1.852687,-1.233130,0.785398,0.000000,50.359887,-4.115268
1568291454.575987,3.500023,2,0.172880,0.304334,0.000000,-0.038494,-0.067764,0.000000,0.000000,0.000000,-0.091563,1.054193,-0.000000,2.000000,1.852292,-1.219243,0.785398,0.000000,50.359887,-4.115268
1568291454.675959,3.599984,2,0.171809,0.296178,0.000000,-0.037420,-0.064508,0.000000,0.000000,0.000000,-0.089569,1.045147,0.000000,2.000000,1.852027,-1.205758,0.785398,0.000000,50.359887,-4.115269
1568291454.775980,3.700017,2,0.170714,0.288379,0.000000,-0.036387,-0.061468,0.000000,0.000000,0.000000,-0.087660,1.036296,0.000000,2.000000,1.851877,-1.192654,0.785398,0.000000,50.359887,-4.115269
1568291454.875948,3.799967,2,0.169599,0.280914,0.000000,-0.035394,-0.058624,0.000000,0.000000,0.000000,-0.085830,1.027631,-0.000000,2.000000,1.851831,-1.179914,0.785398,0.000000,50.359888,-4.115270
1568291454.975963,3.899988,2,0.168469,0.273764,0.000000,-0.034438,-0.055962,0.000000,0.000000,0.000000,-0.084076,1.019145,0.000000,2.000000,1.851879,-1.167519,0.785398,0.000000,50.359888,-4.115270
1568291455.076022,4.000059,2,0.167326,0.266909,0.000000,-0.033518,-0.053465,0.000000,0.000000,0.000000,-0.082392,1.010831,0.000000,2.000000,1.852009,-1.155453,0.785398,0.000000,50.359888,-4.115270
1568291455.175978,4.100011,2,0.166173,0.260332,0.000000,-0.032632,-0.051122,0.000000,0.000000,0.000000,-0.080774,1.002681,-0.000000,2.000000,1.852213,-1.143700,0.785398,0.000000,50.359888,-4.115271
1568291455.275982,4.200015,2,0.165014,0.254017,0.000000,-0.031779,-0.048919,0.000000,0.000000,0.000000,-0.079218,0.994690,-0.000000,2.000000,1.852484,-1.132246,0.785398,0.000000,50.359889,-4.115271
1568291455.376031,4.300067,2,0.163851,0.247950,0.000000,-0.030958,-0.046847,0.000000,0.000000,0.000000,-0.077721,0.986851,-0.000000,2.000000,1.852815,-1.121077,0.785398,0.000000,50.359889,-4.115272
1568291455.475971,4.399999,2,0.162686,0.242117,0.000000,-0.030166,-0.044895,0.000000,0.000000,0.000000,-0.076280,0.979158,-0.000000,2.000000,1.853198,-1.110181,0.785398,0.000000,50.359889,-4.115272
1568291455.575954,4.499979,2,0.161520,0.236504,0.000000,-0.029404,-0.043054,0.000000,0.000000,0.000000,-0.074892,0.971607,0.000000,2.000000,1.853630,-1.099545,0.785398,0.000000,50.359889,-4.115272
1568291455.675983,4.600020,2,0.160355,0.231101,0.000000,-0.028669,-0.041317,0.000000,0.000000,0.000000,-0.073553,0.964192,0.000000,2.000000,1.854104,-1.089160,0.785398,0.000000,50.359889,-4.115273
1568291455.775967,4.699995,2,0.159193,0.225895,0.000000,-0.027961,-0.039676,0.000000,0.000000,0.000000,-0.072261,0.956908,-0.000000,2.000000,1.854615,-1.079013,0.785398,0.000000,50.359890,-4.115273
1568291455.875993,4.800034,2,0.158035,0.220877,0.000000,-0.027277,-0.038124,0.000000,0.000000,0.000000,-0.071013,0.949751,-0.000000,2.000000,1.855161,-1.069095,0.785398,0.000000,50.359890,-4.115273
1568291455.975975,4.900006,2,0.156882,0.216038,0.000000,-0.026618,-0.036655,0.000000,0.000000,0.000000,-0.069808,0.942716,0.000000,2.000000,1.855736,-1.059397,0.785398,0.000000,50.359890,-4.115273
1568291456.075964,4.999992,2,0.155735,0.211367,0.000000,-0.025982,-0.035263,0.000000,0.000000,0.000000,-0.068644,0.935800,-0.000000,2.000000,1.856338,-1.049910,0.785398,0.000000,50.359890,-4.115274
1568291456.175980,0.000026,3,0.154594,0.206858,0.000000,-0.025367,-0.033944,0.000000,0.000000,0.000000,-0.067517,0.928998,-0.000000,2.000000,1.856964,-1.040625,0.785398,0.000000,50.359890,-4.115274
1568291456.276034,0.100081,3,0.153461,0.202501,0.000000,-0.024774,-0.032691,0.000000,0.000000,0.000000,-0.066427,0.922306,-0.000000,2.000000,1.857610,-1.031535,0.000000,0.000000,50.359890,-4.115274
1568291456.375965,0.200002,3,0.152335,0.198291,0.000000,-0.024201,-0.031502,0.000000,0.000000,0.000000,-0.065372,0.915722,-0.000000,2.000000,1.858274,-1.022632,0.000000,0.000000,50.359891,-4.115275
1568291456.475994,0.300039,3,0.152919,0.196789,0.000000,-0.005085,-0.006543,0.000000,0.000000,0.000000,-0.046289,0.910192,-0.000000,2.000000,1.857534,-1.016333,0.000000,0.000000,50.359891,-4.115275
1568291456.575971,0.400009,3,0.153153,0.195560,0.000000,-0.005076,-0.006481,0.000000,0.000000,0.000000,-0.031638,0.906416,0.000000,2.000000,1.857172,-1.011911,0.000000,0.000000,50.359891,-4.115275
1568291456.675983,0.500029,3,0.153150,0.194519,0.000000,-0.005059,-0.006425,0.000000,0.000000,0.000000,-0.021652,0.903832,0.000000,2.000000,1.857066,-1.008770,0.000000,0.000000,50.359891,-4.115275
1568291456.775970,0.600011,3,0.152988,0.193609,0.000000,-0.005037,-0.006374,0.000000,0.000000,0.000000,-0.014837,0.902063,-0.000000,2.000000,1.857131,-1.006505,0.000000,0.000000,50.359891,-4.115276
1568291456.876031,0.700077,3,0.152721,0.192789,0.000000,-0.005011,-0.006326,0.000000,0.000000,0.000000,-0.010180,0.900850,-0.000000,2.000000,1.857312,-1.004838,0.000000,0.000000,50.359892,-4.115276
1568291456.975981,0.800028,3,0.152381,0.192031,0.000000,-0.004984,-0.006281,0.000000,0.000000,0.000000,-0.006993,0.900018,0.000000,2.000000,1.857571,-1.003580,0.000000,0.000000,50.359892,-4.115276
1568291457.075964,0.900002,3,0.151994,0.191319,0.000000,-0.004955,-0.006237,0.000000,0.000000,0.000000,-0.004810,0.899445,-0.000000,2.000000,1.857883,-1.002605,0.000000,0.000000,50.359892,-4.115277
1568291457.175953,0.999987,3,0.151575,0.190637,0.000000,-0.004925,-0.006195,0.000000,0.000000,0.000000,-0.003313,0.899051,0.000000,2.000000,1.858229,-1.001823,0.000000,0.000000,50.359892,-4.115277
1568291457.275992,1.100045,3,0.151136,0.189979,0.000000,-0.004895,-0.006153,0.000000,0.000000,0.000000,-0.002284,0.898780,0.000000,2.000000,1.858599,-1.001175,0.000000,0.000000,50.359892,-4.115277
1568291457.375977,1.200020,3,0.150684,0.189338,0.000000,-0.004865,-0.006113,0.000000,0.000000,0.000000,-0.001577,0.898592,-0.000000,2.000000,1.858983,-1.000619,0.000000,0.000000,50.359893,-4.115277
1568291457.475996,1.300047,3,0.150224,0.188709,0.000000,-0.004834,-0.006073,0.000000,0.000000,0.000000,-0.001090,0.898463,-0.000000,2.000000,1.859377,-1.000129,0.000000,0.000000,50.359893,-4.115278
1568291457.575988,1.400036,3,0.149759,0.188091,0.000000,-0.004804,-0.006034,0.000000,0.000000,0.000000,-0.000754,0.898373,-0.000000,2.000000,1.859777,-0.999683,0.000000,0.000000,50.359893,-4.115278
1568291457.676012,1.500049,3,0.149292,0.187480,0.000000,-0.004774,-0.005995,0.000000,0.000000,0.000000,-0.000523,0.898311,0.000000,2.000000,1.860180,-0.999269,0.000000,0.000000,50.359893,-4.115278
1568291457.775991,1.600038,3,0.148824,0.186876,0.000000,-0.004743,-0.005956,0.000000,0.000000,0.000000,-0.000363,0.898269,0.000000,2.000000,1.860585,-0.998878,0.000000,0.000000,50.359893,-4.115278
1568291457.875957,1.699991,3,0.148357,0.186278,0.000000,-0.004714,-0.005918,0.000000,0.000000,0.000000,-0.000252,0.898239,-0.000000,2.000000,1.860989,-0.998503,0.000000,0.000000,50.359894,-4.115279
1568291457.975986,1.800032,3,0.147891,0.185686,0.000000,-0.004684,-0.005881,0.000000,0.000000,0.000000,-0.000175,0.898218,0.000000,2.000000,1.861394,-0.998140,0.000000,0.000000,50.359894,-4.115279
1568291458.076022,1.900069,3,0.147427,0.185097,0.000000,-0.004654,-0.005844,0.000000,0.000000,0.000000,-0.000122,0.898203,0.000000,2.000000,1.861797,-0.997787,0.000000,0.000000,50.359894,-4.115279
1568291458.176016,2.000063,3,0.146965,0.184514,0.000000,-0.004625,-0.005807,0.000000,0.000000,0.000000,-0.000085,0.898193,-0.000000,2.000000,1.862199,-0.997440,0.000000,0.000000,50.359894,-4.115279
1568291458.275983,2.100026,3,0.146505,0.183934,0.000000,-0.004596,-0.005771,0.000000,0.000000,0.000000,-0.000059,0.898186,-0.000000,2.000000,1.862599,-0.997099,0.000000,0.000000,50.359894,-4.115280
1568291458.375982,2.200027,3,0.146048,0.183358,0.000000,-0.004568,-0.005734,0.000000,0.000000,0.000000,-0.000041,0.898181,0.000000,2.000000,1.862997,-0.996762,0.000000,0.000000,50.359894,-4.115280
1568291458.475978,2.300022,3,0.145594,0.182786,0.000000,-0.004539,-0.005699,0.000000,0.000000,0.000000,-0.000029,0.898178,-0.000000,2.000000,1.863393,-0.996429,0.000000,0.000000,50.359895,-4.115280
1568291458.575984,2.400033,3,0.145142,0.182218,0.000000,-0.004511,-0.005663,0.000000,0.000000,0.000000,-0.000020,0.898176,-0.000000,2.000000,1.863787,-0.996100,0.000000,0.000000,50.359895,-4.115280
1568291458.675990,2.500033,3,0.144692,0.181653,0.000000,-0.004483,-0.005628,0.000000,0.000000,0.000000,-0.000014,0.898174,-0.000000,2.000000,1.864179,-0.995773,0.000000,0.000000,50.359895,-4.115281
1568291458.775964,2.600001,3,0.144246,0.181092,0.000000,-0.004456,-0.005594,0.000000,0.000000,0.000000,-0.000010,0.898173,-0.000000,2.000000,1.864569,-0.995449,0.000000,0.000000,50.359895,-4.115281
1568291458.875982,2.700029,3,0.143802,0.180534,0.000000,-0.004428,-0.005559,0.000000,0.000000,0.000000,-0.000007,0.898172,-0.000000,2.000000,1.864957,-0.995127,0.000000,0.000000,50.359895,-4.115281
1568291458.975973,2.800011,3,0.143361,0.179980,0.000000,-0.004401,-0.005525,0.000000,0.000000,0.000000,-0.000005,0.898171,0.000000,2.000000,1.865342,-0.994808,0.000000,0.000000,50.359896,-4.115281
1568291459.075982,2.900028,3,0.142922,0.179430,0.000000,-0.004374,-0.005491,0.000000,0.000000,0.000000,-0.000003,0.898171,0.000000,2.000000,1.865726,-0.994491,0.000000,0.000000,50.359896,-4.115282
1568291459.175985,3.000032,3,0.142486,0.178882,0.000000,-0.004347,-0.005458,0.000000,0.000000,0.000000,-0.000002,0.898171,0.000000,2.000000,1.866107,-0.994177,0.000000,0.000000,50.359896,-4.115282
1568291459.275999,3.100050,3,0.142053,0.178338,0.000000,-0.004321,-0.005425,0.000000,0.000000,0.000000,-0.000002,0.898171,0.000000,2.000000,1.866486,-0.993864,0.000000,0.000000,50.359896,-4.115282
1568291459.375983,3.200030,3,0.141622,0.177798,0.000000,-0.004295,-0.005392,0.000000,0.000000,0.000000,-0.000001,0.898170,-0.000000,2.000000,1.866863,-0.993554,0.000000,0.000000,50.359896,-4.115282
1568291459.475959,3.299993,3,0.141194,0.177260,0.000000,-0.004269,-0.005359,0.000000,0.000000,0.000000,-0.000001,0.898170,0.000000,2.000000,1.867239,-0.993245,0.000000,0.000000,50.359896,-4.115283
1568291459.575966,3.400004,3,0.140769,0.176726,0.000000,-0.004243,-0.005327,0.000000,0.000000,0.000000,-0.000001,0.898170,0.000000,2.000000,1.867611,-0.992939,0.000000,0.000000,50.359897,-4.115283
1568291459.676018,3.500065,3,0.140346,0.176195,0.000000,-0.004218,-0.005295,0.000000,0.000000,0.000000,-0.000000,0.898170,-0.000000,2.000000,1.867982,-0.992634,0.000000,0.000000,50.359897,-4.115283
1568291459.776026,3.600072,3,0.139926,0.175667,0.000000,-0.004193,-0.005263,0.000000,0.000000,0.000000,-0.000000,0.898170,0.000000,2.000000,1.868351,-0.992332,0.000000,0.000000,50.359897,-4.115283
1568291459.876047,3.700093,3,0.139508,0.175143,0.000000,-0.004168,-0.005232,0.000000,0.000000,0.000000,-0.000000,0.898170,-0.000000,2.000000,1.868718,-0.992031,0.000000,0.000000,50.359897,-4.115284
1568291459.975989,3.800037,3,0.139092,0.174621,0.000000,-0.004143,-0.005201,0.000000,0.000000,0.000000,-0.000000,0.898170,0.000000,2.000000,1.869083,-0.991733,0.000000,0.000000,50.359897,-4.115284
1568291460.075954,3.899987,3,0.138679,0.174103,0.000000,-0.004118,-0.005170,0.000000,0.000000,0.000000,-0.000000,0.898170,-0.000000,2.000000,1.869445,-0.991436,0.000000,0.000000,50.359898,-4.115284
1568291460.176032,4.000078,3,0.138269,0.173587,0.000000,-0.004094,-0.005140,0.000000,0.000000,0.000000,-0.000000,0.898170,0.000000,2.000000,1.869806,-0.991141,0.000000,0.000000,50.359898,-4.115284
1568291460.275972,4.100014,3,0.137861,0.173075,0.000000,-0.004070,-0.005109,0.000000,0.000000,0.000000,-0.000000,0.898170,0.000000,2.000000,1.870165,-0.990848,0.000000,0.000000,50.359898,-4.115285
1568291460.375964,4.200001,3,0.137455,0.172566,0.000000,-0.004046,-0.005079,0.000000,0.000000,0.000000,-0.000000,0.898170,-0.000000,2.000000,1.870522,-0.990557,0.000000,0.000000,50.359898,-4.115285
1568291460.476019,4.300066,3,0.137052,0.172060,0.000000,-0.004022,-0.005049,0.000000,0.000000,0.000000,-0.000000,0.898170,0.000000,2.000000,1.870877,-0.990268,0.000000,0.000000,50.359898,-4.115285
1568291460.576019,4.400066,3,0.136651,0.171556,0.000000,-0.003999,-0.005020,0.000000,0.000000,0.000000,-0.000000,0.898170,0.000000,2.000000,1.871230,-0.989980,0.000000,0.000000,50.359898,-4.115285
1568291460.675988,4.500034,3,0.136253,0.171056,0.000000,-0.003975,-0.004991,0.000000,0.000000,0.000000,-0.000000,0.898170,-0.000000,2.000000,1.871581,-0.989694,0.000000,0.000000,50.359899,-4.115286
1568291460.776018,4.600069,3,0.135856,0.170558,0.000000,-0.003952,-0.004962,0.000000,0.000000,0.000000,-0.000000,0.898170,0.000000,2.000000,1.871930,-0.989410,0.000000,0.000000,50.359899,-4.115286
1568291460.875974,4.700016,3,0.135462,0.170064,0.000000,-0.003929,-0.004933,0.000000,0.000000,0.000000,-0.000000,0.898170,-0.000000,2.000000,1.872277,-0.989128,0.000000,0.000000,50.359899,-4.115286
1568291460.976002,4.800053,3,0.135071,0.169572,0.000000,-0.003907,-0.004904,0.000000,0.000000,0.000000,-0.000000,0.898170,0.000000,2.000000,1.872623,-0.988848,0.000000,0.000000,50.359899,-4.115286
1568291461.075974,4.900011,3,0.134681,0.169083,0.000000,-0.003884,-0.004876,0.000000,0.000000,0.000000,-0.000000,0.898170,0.000000,2.000000,1.872966,-0.988569,0.000000,0.000000,50.359899,-4.115287
