lat,long,heading,v,dtheta,windN,windA,windT,rudder,sail
50.359740,-4.114917,0.000000,0.383580,0.000000,0.000000,1.616420,0.000000,-0.555360,1.340759,
50.359741,-4.114917,0.000000,0.381045,0.000000,0.000000,1.618955,0.000000,-0.555360,1.340759,
50.359741,-4.114917,0.001236,0.427174,0.037590,0.000000,1.572826,-0.001572,-0.554674,1.340759,
50.359742,-4.114917,0.008202,0.515130,0.092721,-0.000000,1.484894,-0.011048,-0.550787,1.340759,
50.359742,-4.114917,0.019608,0.594532,0.129183,0.000000,1.405631,-0.027901,-0.544365,1.340759,
50.359743,-4.114917,0.033915,0.665964,0.153048,0.000000,1.334610,-0.050836,-0.536210,1.340759,
50.359743,-4.114917,0.050166,0.730090,0.169551,-0.000000,1.271355,-0.078966,-0.526813,1.340759,
50.359744,-4.114917,0.067817,0.787601,0.181878,-0.000000,1.215382,-0.111744,-0.516450,1.340759,
50.359745,-4.114917,0.086546,0.839186,0.191606,-0.000000,1.166213,-0.148785,-0.505278,1.340759,
50.359746,-4.114917,0.106136,0.885510,0.199438,0.000000,1.123397,-0.189738,-0.493402,1.340759,
50.359747,-4.114917,0.126418,0.927201,0.205691,0.000000,1.086506,-0.234222,-0.480908,1.340759,
50.359748,-4.114917,0.147243,0.964837,0.210543,-0.000000,1.055141,-0.281804,-0.467873,1.340759,
50.359748,-4.114918,0.168479,0.998940,0.214119,-0.000000,1.028930,-0.332002,-0.454373,1.340759,
50.359749,-4.114918,0.190003,1.029975,0.216526,-0.000000,1.007518,-0.384294,-0.440480,1.340759,
50.359750,-4.114918,0.211704,1.058348,0.217859,0.000000,0.990567,-0.438138,-0.426266,1.340759,
50.359751,-4.114918,0.233479,1.084409,0.218206,-0.000000,0.977751,-0.492983,-0.411802,1.340759,
50.359752,-4.114919,0.255234,1.108460,0.217651,-0.000000,0.968752,-0.548293,-0.397156,1.340759,
50.359753,-4.114919,0.276884,1.130754,0.216270,0.000000,0.963256,-0.603557,-0.382395,1.340759,
50.359754,-4.114920,0.298350,1.151503,0.214134,0.000000,0.960952,-0.658304,-0.367581,1.340759,
50.359756,-4.114920,0.319560,1.170881,0.211311,0.000000,0.961534,-0.712111,-0.352778,1.340759,
50.359757,-4.114921,0.340450,1.189033,0.207866,-0.000000,0.964701,-0.764615,-0.338044,1.340759,
50.359758,-4.114921,0.360961,1.206075,0.203863,-0.000000,0.970157,-0.815510,-0.323433,1.340759,
50.359759,-4.114922,0.381041,1.222101,0.199363,-0.000000,0.977616,-0.864551,-0.308998,1.340759,
50.359760,-4.114923,0.400644,1.237185,0.194426,-0.000000,0.986801,-0.911553,-0.294785,1.340759,
50.359761,-4.114923,0.419730,1.251387,0.189110,0.000000,0.997450,-0.956380,-0.280838,1.340759,
50.359762,-4.114924,0.438264,1.264752,0.183474,-0.000000,1.009315,-0.998949,-0.267196,1.340759,
50.359763,-4.114925,0.456218,1.277318,0.177573,-0.000000,1.022164,-1.039215,-0.253894,1.340759,
50.359764,-4.114926,0.473569,1.289114,0.171460,0.000000,1.035783,-1.077169,-0.240960,1.340759,
50.359765,-4.114926,0.490299,1.300163,0.165189,0.000000,1.049976,-1.112830,-0.228421,1.340759,
50.359766,-4.114927,0.506396,1.310487,0.158808,-0.000000,1.064566,-1.146243,-0.216296,1.340759,
50.359767,-4.114928,0.521851,1.320103,0.152364,0.000000,1.079395,-1.177469,-0.204602,1.340759,
50.359768,-4.114929,0.536660,1.329029,0.145900,0.000000,1.094320,-1.206583,-0.193350,1.340759,
50.359770,-4.114930,0.550825,1.337281,0.139456,0.000000,1.109221,-1.233669,-0.182548,1.340759,
50.359771,-4.114931,0.564350,1.344876,0.133068,0.000000,1.123989,-1.258821,-0.172201,1.340759,
50.359772,-4.114932,0.577242,1.351834,0.126768,-0.000000,1.138536,-1.282133,-0.162308,1.340758,
50.359773,-4.114933,0.589511,1.358174,0.120584,-0.000000,1.152785,-1.303705,-0.152867,1.340759,
50.359774,-4.114934,0.601172,1.363918,0.114542,-0.000000,1.166673,-1.323636,-0.143874,1.340759,
50.359775,-4.114935,0.612240,1.369088,0.108660,-0.000000,1.180152,-1.342023,-0.135320,1.340759,
50.359776,-4.114936,0.622731,1.373708,0.102957,0.000000,1.193182,-1.358964,-0.127196,1.340759,
50.359777,-4.114938,0.632665,1.377805,0.097446,0.000000,1.205735,-1.374551,-0.119491,1.340759,
50.359778,-4.114939,0.642060,1.381406,0.092136,0.000000,1.217790,-1.388875,-0.112192,1.340759,
50.359779,-4.114940,0.650939,1.384536,0.087036,-0.000000,1.229334,-1.402024,-0.105286,1.340759,
50.359780,-4.114941,0.659322,1.387226,0.082149,0.000000,1.240363,-1.414081,-0.098758,1.340759,
50.359781,-4.114942,0.667230,1.389503,0.077479,-0.000000,1.250874,-1.425124,-0.092593,1.340759,
50.359782,-4.114944,0.674686,1.391396,0.073025,0.000000,1.260873,-1.435229,-0.086775,1.340759,
50.359783,-4.114945,0.681711,1.392933,0.068786,0.000000,1.270368,-1.444467,-0.081290,1.340759,
50.359784,-4.114946,0.688325,1.394142,0.064759,0.000000,1.279370,-1.452903,-0.076121,1.340759,
50.359785,-4.114947,0.694551,1.395051,0.060939,0.000000,1.287892,-1.460602,-0.071253,1.340759,
50.359786,-4.114948,0.700408,1.395685,0.057321,0.000000,1.295950,-1.467620,-0.066671,1.340759,
50.359787,-4.114950,0.705915,1.396071,0.053899,0.000000,1.303562,-1.474014,-0.062360,1.340759,
50.359788,-4.114951,0.711094,1.396233,0.050666,0.000000,1.310744,-1.479833,-0.058305,1.340759,
50.359789,-4.114952,0.715960,1.396193,0.047616,0.000000,1.317516,-1.485126,-0.054493,1.340759,
50.359790,-4.114954,0.720533,1.395974,0.044739,0.000000,1.323897,-1.489936,-0.050909,1.340759,
50.359791,-4.114955,0.724830,1.395597,0.042030,0.000000,1.329905,-1.494305,-0.047541,1.340759,
50.359792,-4.114956,0.728866,1.395080,0.039479,0.000000,1.335560,-1.498269,-0.044377,1.340759,
50.359793,-4.114958,0.732657,1.394442,0.037079,0.000000,1.340879,-1.501863,-0.041404,1.340759,
50.359794,-4.114959,0.736217,1.393700,0.034823,0.000000,1.345881,-1.505121,-0.038611,1.340759,
50.359795,-4.114960,0.739561,1.392868,0.032703,0.000000,1.350583,-1.508070,-0.035988,1.340759,
50.359796,-4.114961,0.742701,1.391962,0.030711,0.000000,1.355003,-1.510740,-0.033524,1.340759,
50.359797,-4.114963,0.745649,1.390993,0.028841,0.000000,1.359155,-1.513154,-0.031210,1.340759,
50.359798,-4.114964,0.748419,1.389973,0.027085,0.000000,1.363057,-1.515335,-0.029037,1.340759,
50.359799,-4.114965,0.751019,1.388914,0.025437,0.000000,1.366723,-1.517305,-0.026996,1.340759,
50.359800,-4.114967,0.753462,1.387825,0.023890,-0.000000,1.370167,-1.519083,-0.025079,1.340758,
50.359801,-4.114968,0.755756,1.386714,0.022439,0.000000,1.373402,-1.520686,-0.023278,1.340759,
50.359802,-4.114969,0.757911,1.385589,0.021077,-0.000000,1.376441,-1.522131,-0.021586,1.340758,
50.359803,-4.114971,0.759935,1.384458,0.019800,0.000000,1.379295,-1.523433,-0.019997,1.340759,
50.359804,-4.114972,0.761837,1.383325,0.018602,0.000000,1.381977,-1.524604,-0.018504,1.340759,
50.359805,-4.114973,0.763623,1.382196,0.017478,-0.000000,1.384497,-1.525657,-0.017101,1.340759,
50.359806,-4.114975,0.765302,1.381077,0.016424,0.000000,1.386864,-1.526603,-0.015782,1.340759,
50.359807,-4.114976,0.766880,1.379970,0.015434,-0.000000,1.389088,-1.527453,-0.014544,1.340759,
50.359808,-4.114978,0.768362,1.378880,0.014506,0.000000,1.391178,-1.528216,-0.013379,1.340759,
50.359809,-4.114979,0.769756,1.377809,0.013636,0.000000,1.393143,-1.528899,-0.012285,1.340759,
50.359810,-4.114980,0.771066,1.376760,0.012819,0.000000,1.394989,-1.529511,-0.011256,1.340759,
50.359811,-4.114982,0.772298,1.375735,0.012052,0.000000,1.396725,-1.530059,-0.010289,1.340759,
50.359812,-4.114983,0.773456,1.374736,0.011333,0.000000,1.398357,-1.530549,-0.009379,1.340759,
50.359813,-4.114984,0.774545,1.373764,0.010657,-0.000000,1.399892,-1.530987,-0.008524,1.340759,
50.359813,-4.114986,0.775570,1.372819,0.010023,-0.000000,1.401334,-1.531377,-0.007719,1.340759,
50.359814,-4.114987,0.776533,1.371903,0.009428,0.000000,1.402691,-1.531725,-0.006963,1.340759,
50.359815,-4.114988,0.777439,1.371017,0.008869,-0.000000,1.403968,-1.532034,-0.006251,1.340759,
50.359816,-4.114990,0.778292,1.370160,0.008345,0.000000,1.405169,-1.532309,-0.005581,1.340759,
50.359817,-4.114991,0.779094,1.369333,0.007852,0.000000,1.406298,-1.532554,-0.004951,1.340759,
50.359818,-4.114992,0.779849,1.368536,0.007389,0.000000,1.407361,-1.532770,-0.004358,1.340759,
50.359819,-4.114994,0.780559,1.367768,0.006954,0.000000,1.408362,-1.532962,-0.003800,1.340759,
50.359820,-4.114995,0.781228,1.367030,0.006545,0.000000,1.409303,-1.533131,-0.003275,1.340759,
50.359821,-4.114996,0.781857,1.366321,0.006161,-0.000000,1.410189,-1.533281,-0.002781,1.340759,
50.359822,-4.114998,0.782450,1.365640,0.005800,-0.000000,1.411024,-1.533412,-0.002316,1.340758,
50.359823,-4.114999,0.783008,1.364986,0.005460,0.000000,1.411809,-1.533528,-0.001878,1.340759,
50.359824,-4.115000,0.783533,1.364360,0.005141,0.000000,1.412548,-1.533629,-0.001465,1.340759,
50.359825,-4.115002,0.784027,1.363761,0.004841,0.000000,1.413245,-1.533717,-0.001077,1.340759,
50.359826,-4.115003,0.784493,1.363188,0.004559,-0.000000,1.413901,-1.533794,-0.000711,1.340759,
50.359826,-4.115005,0.784931,1.362639,0.004294,0.000000,1.414518,-1.533861,-0.000367,1.340759,
50.359827,-4.115006,0.785345,1.362116,0.004044,0.000000,1.415100,-1.533919,-0.000042,1.340759,
50.359828,-4.115007,0.785734,1.361615,0.003810,-0.000000,1.415648,-1.533968,0.000263,1.340759,
50.359829,-4.115009,0.786100,1.361138,0.003589,-0.000000,1.416164,-1.534011,0.000551,1.340759,
50.359830,-4.115010,0.786445,1.360682,0.003381,-0.000000,1.416650,-1.534047,0.000822,1.340758,
50.359831,-4.115011,0.786771,1.360248,0.003185,0.000000,1.417109,-1.534078,0.001078,1.340759,
50.359832,-4.115013,0.787077,1.359835,0.003001,0.000000,1.417540,-1.534103,0.001319,1.340759,
50.359833,-4.115014,0.787366,1.359441,0.002828,0.000000,1.417947,-1.534124,0.001545,1.340759,
50.359834,-4.115015,0.787638,1.359066,0.002665,-0.000000,1.418331,-1.534142,0.001759,1.340758,
50.359835,-4.115017,0.787895,1.358709,0.002512,0.000000,1.418692,-1.534156,0.001961,1.340759,
50.359836,-4.115018,0.788136,1.358369,0.002367,0.000000,1.419033,-1.534167,0.002151,1.340759,
50.359837,-4.115019,0.788364,1.358046,0.002231,-0.000000,1.419353,-1.534175,0.002329,1.340759,
50.359837,-4.115021,0.788579,1.357740,0.002103,0.000000,1.419656,-1.534182,0.002498,1.340759,
50.359838,-4.115022,0.788781,1.357448,0.001982,-0.000000,1.419941,-1.534186,0.002657,1.340759,
50.359839,-4.115023,0.788972,1.357171,0.001868,-0.000000,1.420210,-1.534188,0.002807,1.340759,
50.359840,-4.115025,0.789152,1.356908,0.001761,-0.000000,1.420464,-1.534189,0.002948,1.340758,
50.359841,-4.115026,0.789321,1.356658,0.001660,-0.000000,1.420703,-1.534189,0.003081,1.340759,
50.359842,-4.115028,0.789481,1.356421,0.001565,0.000000,1.420928,-1.534188,0.003207,1.340759,
50.359843,-4.115029,0.789632,1.356197,0.001476,-0.000000,1.421140,-1.534186,0.003325,1.340758,
50.359844,-4.115030,0.789774,1.355983,0.001391,0.000000,1.421341,-1.534183,0.003436,1.340759,
50.359845,-4.115032,0.789908,1.355781,0.001312,0.000000,1.421529,-1.534179,0.003542,1.340759,
50.359846,-4.115033,0.790034,1.355589,0.001237,0.000000,1.421707,-1.534175,0.003641,1.340759,
50.359847,-4.115034,0.790153,1.355408,0.001166,0.000000,1.421875,-1.534171,0.003734,1.340759,
50.359848,-4.115036,0.790265,1.355235,0.001100,-0.000000,1.422034,-1.534166,0.003822,1.340759,
50.359848,-4.115037,0.790371,1.355072,0.001037,-0.000000,1.422183,-1.534160,0.003906,1.340758,
50.359849,-4.115038,0.790471,1.354917,0.000978,0.000000,1.422324,-1.534155,0.003984,1.340759,
50.359850,-4.115040,0.790565,1.354771,0.000922,0.000000,1.422457,-1.534150,0.004058,1.340759,
50.359851,-4.115041,0.790654,1.354632,0.000870,-0.000000,1.422582,-1.534144,0.004128,1.340758,
50.359852,-4.115042,0.790738,1.354501,0.000820,-0.000000,1.422700,-1.534138,0.004193,1.340759,
50.359853,-4.115044,0.790817,1.354377,0.000773,0.000000,1.422812,-1.534133,0.004256,1.340759,
50.359854,-4.115045,0.790891,1.354259,0.000729,0.000000,1.422917,-1.534127,0.004314,1.340759,
50.359855,-4.115046,0.790961,1.354147,0.000688,0.000000,1.423016,-1.534122,0.004369,1.340759,
50.359856,-4.115048,0.791027,1.354042,0.000649,0.000000,1.423109,-1.534116,0.004421,1.340759,
50.359857,-4.115049,0.791090,1.353942,0.000612,0.000000,1.423197,-1.534111,0.004470,1.340759,
50.359858,-4.115051,0.791149,1.353848,0.000577,0.000000,1.423281,-1.534105,0.004516,1.340759,
50.359858,-4.115052,0.791204,1.353759,0.000544,-0.000000,1.423359,-1.534100,0.004560,1.340759,
50.359859,-4.115053,0.791257,1.353674,0.000513,0.000000,1.423433,-1.534095,0.004601,1.340759,
50.359860,-4.115055,0.791306,1.353594,0.000484,0.000000,1.423503,-1.534090,0.004640,1.340759,
50.359861,-4.115056,0.791353,1.353519,0.000457,0.000000,1.423569,-1.534086,0.004677,1.340759,
50.359862,-4.115057,0.791397,1.353447,0.000431,0.000000,1.423631,-1.534081,0.004711,1.340759,
50.359863,-4.115059,0.791438,1.353380,0.000407,0.000000,1.423689,-1.534076,0.004744,1.340759,
50.359864,-4.115060,0.791477,1.353316,0.000383,0.000000,1.423745,-1.534072,0.004775,1.340759,
50.359865,-4.115061,0.791514,1.353256,0.000362,-0.000000,1.423797,-1.534068,0.004804,1.340759,
50.359866,-4.115063,0.791549,1.353199,0.000341,-0.000000,1.423846,-1.534064,0.004831,1.340759,
50.359867,-4.115064,0.791582,1.353145,0.000322,0.000000,1.423892,-1.534060,0.004857,1.340759,
50.359868,-4.115065,0.791613,1.353094,0.000304,-0.000000,1.423936,-1.534056,0.004881,1.340759,
50.359868,-4.115067,0.791642,1.353045,0.000286,0.000000,1.423978,-1.534053,0.004904,1.340759,
50.359869,-4.115068,0.791670,1.353000,0.000270,-0.000000,1.424017,-1.534050,0.004926,1.340759,
50.359870,-4.115070,0.791698,1.352953,0.000254,0.000000,1.424057,-1.534046,0.004948,1.340759,
50.359871,-4.115071,0.791721,1.352916,0.000241,-0.000000,1.424088,-1.534043,0.004966,1.340759,
50.359872,-4.115072,0.791744,1.352878,0.000226,-0.000000,1.424121,-1.534040,0.004984,1.340759,
50.359873,-4.115074,0.791766,1.352842,0.000214,0.000000,1.424152,-1.534037,0.005001,1.340759,
50.359874,-4.115075,0.791786,1.352807,0.000202,0.000000,1.424181,-1.534035,0.005017,1.340759,
50.359875,-4.115076,0.791806,1.352775,0.000190,-0.000000,1.424208,-1.534032,0.005032,1.340759,
50.359876,-4.115078,0.791824,1.352744,0.000180,0.000000,1.424234,-1.534029,0.005047,1.340759,
50.359877,-4.115079,0.791841,1.352716,0.000170,0.000000,1.424259,-1.534027,0.005060,1.340759,
50.359878,-4.115080,0.791857,1.352688,0.000160,0.000000,1.424282,-1.534025,0.005073,1.340759,
50.359878,-4.115082,0.791873,1.352663,0.000151,-0.000000,1.424303,-1.534023,0.005085,1.340759,
50.359879,-4.115083,0.791887,1.352638,0.000142,0.000000,1.424324,-1.534021,0.005097,1.340759,
50.359880,-4.115084,0.791901,1.352615,0.000134,-0.000000,1.424343,-1.534019,0.005107,1.340759,
50.359881,-4.115086,0.791914,1.352593,0.000127,0.000000,1.424362,-1.534017,0.005117,1.340759,
50.359882,-4.115087,0.791926,1.352573,0.000120,0.000000,1.424379,-1.534015,0.005127,1.340759,
50.359883,-4.115088,0.791938,1.352554,0.000113,0.000000,1.424395,-1.534014,0.005136,1.340759,
50.359884,-4.115090,0.791949,1.352535,0.000106,-0.000000,1.424410,-1.534012,0.005145,1.340759,
50.359885,-4.115091,0.791959,1.352518,0.000100,0.000000,1.424425,-1.534011,0.005153,1.340759,
50.359886,-4.115092,0.791969,1.352502,0.000095,-0.000000,1.424439,-1.534009,0.005160,1.340759,
50.359887,-4.115094,0.791978,1.352486,0.000089,0.000000,1.424451,-1.534008,0.005167,1.340759,
50.359888,-4.115095,0.791986,1.352472,0.000084,-0.000000,1.424464,-1.534006,0.005174,1.340759,
50.359888,-4.115097,0.791994,1.352458,0.000080,0.000000,1.424475,-1.534005,0.005181,1.340759,
50.359889,-4.115098,0.792002,1.352445,0.000075,-0.000000,1.424486,-1.534004,0.005187,1.340758,
50.359890,-4.115099,0.792009,1.352433,0.000071,-0.000000,1.424496,-1.534003,0.005192,1.340759,
50.359891,-4.115101,0.792016,1.352422,0.000067,-0.000000,1.424506,-1.534002,0.005198,1.340759,
50.359892,-4.115102,0.792022,1.352411,0.000063,-0.000000,1.424515,-1.534001,0.005203,1.340759,
50.359893,-4.115103,0.792028,1.352400,0.000059,-0.000000,1.424523,-1.534000,0.005207,1.340758,
50.359894,-4.115105,0.792034,1.352391,0.000056,0.000000,1.424532,-1.533999,0.005212,1.340759,
50.359895,-4.115106,0.792040,1.352382,0.000053,0.000000,1.424539,-1.533998,0.005216,1.340759,
50.359896,-4.115107,0.792045,1.352373,0.000050,0.000000,1.424546,-1.533998,0.005220,1.340759,
50.359897,-4.115109,0.792050,1.352365,0.000047,-0.000000,1.424553,-1.533997,0.005224,1.340758,
50.359898,-4.115110,0.792054,1.352357,0.000044,-0.000000,1.424560,-1.533996,0.005227,1.340758,
50.359898,-4.115111,0.792058,1.352350,0.000042,-0.000000,1.424566,-1.533995,0.005231,1.340759,
50.359899,-4.115113,0.792062,1.352343,0.000040,-0.000000,1.424571,-1.533995,0.005234,1.340759,
50.359900,-4.115114,0.792066,1.352336,0.000037,-0.000000,1.424577,-1.533994,0.005237,1.340758,
50.359901,-4.115115,0.792070,1.352330,0.000035,-0.000000,1.424582,-1.533994,0.005240,1.340759,
50.359902,-4.115117,0.792073,1.352325,0.000033,-0.000000,1.424587,-1.533993,0.005242,1.340758,
50.359903,-4.115118,0.792076,1.352319,0.000031,0.000000,1.424591,-1.533993,0.005245,1.340759,
50.359904,-4.115120,0.792080,1.352314,0.000030,0.000000,1.424595,-1.533992,0.005247,1.340759,
50.359905,-4.115121,0.792082,1.352309,0.000028,-0.000000,1.424600,-1.533992,0.005250,1.340758,
50.359906,-4.115122,0.792085,1.352304,0.000026,0.000000,1.424603,-1.533991,0.005252,1.340759,
50.359907,-4.115124,0.792088,1.352300,0.000025,0.000000,1.424607,-1.533991,0.005254,1.340759,
50.359908,-4.115125,0.792090,1.352296,0.000023,0.000000,1.424610,-1.533990,0.005256,1.340759,
50.359908,-4.115126,0.792092,1.352292,0.000022,0.000000,1.424613,-1.533990,0.005257,1.340759,
50.359909,-4.115128,0.792094,1.352289,0.000021,0.000000,1.424616,-1.533990,0.005259,1.340759,
50.359910,-4.115129,0.792096,1.352285,0.000020,0.000000,1.424619,-1.533989,0.005261,1.340759,
50.359911,-4.115130,0.792098,1.352282,0.000019,0.000000,1.424622,-1.533989,0.005262,1.340759,
50.359912,-4.115132,0.792100,1.352279,0.000018,-0.000000,1.424624,-1.533989,0.005263,1.340759,
50.359913,-4.115133,0.792102,1.352276,0.000017,0.000000,1.424627,-1.533988,0.005265,1.340759,
50.359914,-4.115134,0.792103,1.352273,0.000016,0.000000,1.424629,-1.533988,0.005266,1.340759,
50.359915,-4.115136,0.792105,1.352271,0.000015,-0.000000,1.424631,-1.533988,0.005267,1.340759,
50.359916,-4.115137,0.792106,1.352268,0.000014,0.000000,1.424633,-1.533988,0.005268,1.340759,
50.359917,-4.115138,0.792108,1.352266,0.000013,0.000000,1.424635,-1.533988,0.005270,1.340759,
50.359918,-4.115140,0.792109,1.352264,0.000012,0.000000,1.424637,-1.533987,0.005270,1.340759,
50.359918,-4.115141,0.792110,1.352262,0.000012,-0.000000,1.424639,-1.533987,0.005271,1.340759,
50.359919,-4.115143,0.792111,1.352260,0.000011,0.000000,1.424640,-1.533987,0.005272,1.340759,
50.359920,-4.115144,0.792112,1.352258,0.000010,0.000000,1.424642,-1.533987,0.005273,1.340759,
50.359921,-4.115145,0.792113,1.352256,0.000010,-0.000000,1.424643,-1.533987,0.005274,1.340759,
50.359922,-4.115147,0.792114,1.352255,0.000009,-0.000000,1.424645,-1.533986,0.005275,1.340758,
50.359923,-4.115148,0.792115,1.352253,0.000009,0.000000,1.424646,-1.533986,0.005275,1.340759,
50.359924,-4.115149,0.792116,1.352252,0.000008,-0.000000,1.424647,-1.533986,0.005276,1.340759,
50.359925,-4.115151,0.792117,1.352250,0.000008,-0.000000,1.424648,-1.533986,0.005277,1.340759,
50.359926,-4.115152,0.792117,1.352249,0.000007,-0.000000,1.424649,-1.533986,0.005277,1.340758,
50.359927,-4.115153,0.792118,1.352248,0.000007,-0.000000,1.424650,-1.533986,0.005278,1.340759,
50.359928,-4.115155,0.792119,1.352247,0.000007,-0.000000,1.424651,-1.533986,0.005278,1.340758,
50.359928,-4.115156,0.792119,1.352246,0.000006,-0.000000,1.424652,-1.533986,0.005279,1.340759,
50.359929,-4.115157,0.792120,1.352245,0.000006,0.000000,1.424653,-1.533985,0.005279,1.340759,
50.359930,-4.115159,0.792121,1.352244,0.000005,0.000000,1.424654,-1.533985,0.005280,1.340759,
50.359931,-4.115160,0.792121,1.352243,0.000005,-0.000000,1.424654,-1.533985,0.005280,1.340758,
50.359932,-4.115161,0.792122,1.352242,0.000005,0.000000,1.424655,-1.533985,0.005281,1.340759,
50.359933,-4.115163,0.792122,1.352241,0.000005,0.000000,1.424656,-1.533985,0.005281,1.340759,
50.359934,-4.115164,0.792123,1.352240,0.000004,-0.000000,1.424656,-1.533985,0.005281,1.340759,
50.359935,-4.115166,0.792123,1.352240,0.000004,0.000000,1.424657,-1.533985,0.005282,1.340759,
50.359936,-4.115167,0.792123,1.352239,0.000004,0.000000,1.424657,-1.533985,0.005282,1.340759,
50.359937,-4.115168,0.792124,1.352238,0.000004,0.000000,1.424658,-1.533985,0.005282,1.340759,
50.359938,-4.115170,0.792124,1.352238,0.000003,-0.000000,1.424659,-1.533985,0.005282,1.340759,
50.359938,-4.115171,0.792124,1.352237,0.000003,0.000000,1.424659,-1.533985,0.005283,1.340759,
50.359939,-4.115172,0.792125,1.352237,0.000003,-0.000000,1.424659,-1.533985,0.005283,1.340759,
50.359940,-4.115174,0.792125,1.352236,0.000003,-0.000000,1.424660,-1.533985,0.005283,1.340759,
50.359941,-4.115175,0.792125,1.352236,0.000003,0.000000,1.424660,-1.533985,0.005283,1.340759,
50.359942,-4.115176,0.792125,1.352235,0.000003,-0.000000,1.424661,-1.533985,0.005284,1.340758,
50.359943,-4.115178,0.792126,1.352235,0.000002,-0.000000,1.424661,-1.533985,0.005284,1.340758,
50.359944,-4.115179,0.792126,1.352234,0.000002,0.000000,1.424661,-1.533985,0.005284,1.340759,
50.359945,-4.115180,0.792126,1.352234,0.000002,0.000000,1.424662,-1.533984,0.005284,1.340759,
50.359946,-4.115182,0.792126,1.352234,0.000002,0.000000,1.424662,-1.533984,0.005284,1.340759,
50.359947,-4.115183,0.792127,1.352233,0.000002,0.000000,1.424662,-1.533984,0.005284,1.340759,
50.359948,-4.115184,0.792127,1.352233,0.000002,-0.000000,1.424662,-1.533984,0.005285,1.340758,
50.359948,-4.115186,0.792127,1.352233,0.000002,-0.000000,1.424663,-1.533984,0.005285,1.340758,
50.359949,-4.115187,0.792127,1.352232,0.000002,0.000000,1.424663,-1.533984,0.005285,1.340759,
50.359950,-4.115189,0.792127,1.352232,0.000002,0.000000,1.424663,-1.533984,0.005285,1.340759,
50.359951,-4.115190,0.792128,1.352232,0.000001,0.000000,1.424663,-1.533984,0.005285,1.340759,
50.359952,-4.115191,0.792128,1.352232,0.000001,0.000000,1.424664,-1.533984,0.005285,1.340759,
50.359953,-4.115193,0.792128,1.352232,0.000001,-0.000000,1.424664,-1.533984,0.005285,1.340759,
50.359954,-4.115194,0.792128,1.352231,0.000001,0.000000,1.424664,-1.533984,0.005285,1.340759,
50.359955,-4.115195,0.792128,1.352231,0.000001,-0.000000,1.424664,-1.533984,0.005285,1.340759,
50.359956,-4.115197,0.792128,1.352231,0.000001,0.000000,1.424664,-1.533984,0.005286,1.340759,
50.359957,-4.115198,0.792128,1.352231,0.000001,-0.000000,1.424664,-1.533984,0.005286,1.340759,
50.359958,-4.115199,0.792128,1.352231,0.000001,0.000000,1.424665,-1.533984,0.005286,1.340759,
50.359958,-4.115201,0.792128,1.352230,0.000001,-0.000000,1.424665,-1.533984,0.005286,1.340759,
50.359959,-4.115202,0.792129,1.352230,0.000001,0.000000,1.424665,-1.533984,0.005286,1.340759,
50.359960,-4.115203,0.792129,1.352230,0.000001,-0.000000,1.424665,-1.533984,0.005286,1.340759,
50.359961,-4.115205,0.792129,1.352230,0.000001,-0.000000,1.424665,-1.533984,0.005286,1.340759,
50.359962,-4.115206,0.792129,1.352230,0.000001,0.000000,1.424665,-1.533984,0.005286,1.340759,
50.359963,-4.115207,0.792129,1.352230,0.000001,0.000000,1.424665,-1.533984,0.005286,1.340759,
50.359964,-4.115209,0.792129,1.352230,0.000001,0.000000,1.424665,-1.533984,0.005286,1.340759,
50.359965,-4.115210,0.792129,1.352229,0.000001,0.000000,1.424665,-1.533984,0.005286,1.340759,
50.359966,-4.115212,0.792129,1.352229,0.000001,0.000000,1.424665,-1.533984,0.005286,1.340759,
50.359967,-4.115213,0.792129,1.352229,0.000000,0.000000,1.424666,-1.533984,0.005286,1.340759,
50.359968,-4.115214,0.792129,1.352229,0.000000,0.000000,1.424666,-1.533984,0.005286,1.340759,
50.359968,-4.115216,0.792129,1.352229,0.000000,0.000000,1.424666,-1.533984,0.005286,1.340759,
50.359969,-4.115217,0.792129,1.352229,0.000000,0.000000,1.424666,-1.533984,0.005286,1.340759,
50.359970,-4.115218,0.792129,1.352229,0.000000,-0.000000,1.424666,-1.533984,0.005286,1.340759,
50.359971,-4.115220,0.792129,1.352229,0.000000,-0.000000,1.424666,-1.533984,0.005286,1.340758,
50.359972,-4.115221,0.792129,1.352229,0.000000,0.000000,1.424666,-1.533984,0.005287,1.340759,
50.359973,-4.115222,0.792129,1.352229,0.000000,0.000000,1.424666,-1.533984,0.005287,1.340759,
50.359974,-4.115224,0.792129,1.352229,0.000000,0.000000,1.424666,-1.533984,0.005287,1.340759,
50.359975,-4.115225,0.792129,1.352229,0.000000,0.000000,1.424666,-1.533984,0.005287,1.340759,
50.359976,-4.115226,0.792129,1.352229,0.000000,-0.000000,1.424666,-1.533984,0.005287,1.340759,
50.359977,-4.115228,0.792129,1.352229,0.000000,-0.000000,1.424666,-1.533984,0.005287,1.340758,
50.359977,-4.115229,0.792129,1.352229,0.000000,-0.000000,1.424666,-1.533984,0.005287,1.340758,
50.359978,-4.115230,0.792130,1.352228,0.000000,0.000000,1.424666,-1.533984,0.005287,1.340759,
50.359979,-4.115232,0.792130,1.352228,0.000000,0.000000,1.424666,-1.533984,0.005287,1.340759,
50.359980,-4.115233,0.792130,1.352228,0.000000,0.000000,1.424666,-1.533984,0.005287,1.340759,
50.359981,-4.115235,0.792130,1.352228,0.000000,0.000000,1.424666,-1.533984,0.005287,1.340759,
50.359982,-4.115236,0.792130,1.352228,0.000000,-0.000000,1.424666,-1.533984,0.005287,1.340758,
50.359983,-4.115237,0.792130,1.352228,0.000000,0.000000,1.424666,-1.533984,0.005287,1.340759,
50.359984,-4.115239,0.792130,1.352228,0.000000,-0.000000,1.424666,-1.533984,0.005287,1.340759,
50.359985,-4.115240,0.792130,1.352228,0.000000,0.000000,1.424666,-1.533984,0.005287,1.340759,
50.359986,-4.115241,0.792130,1.352228,0.000000,0.000000,1.424666,-1.533984,0.005287,1.340759,
50.359987,-4.115243,0.792130,1.352228,0.000000,0.000000,1.424667,-1.533984,0.005287,1.340759,
50.359987,-4.115244,0.792130,1.352228,0.000000,0.000000,1.424667,-1.533984,0.005287,1.340759,
50.359988,-4.115245,0.792130,1.352228,0.000000,0.000000,1.424667,-1.533984,0.005287,1.340759,
50.359989,-4.115247,0.792130,1.352228,0.000000,0.000000,1.424667,-1.533984,0.005287,1.340759,
50.359990,-4.115248,0.792130,1.352228,0.000000,0.000000,1.424667,-1.533984,0.005287,1.340759,
50.359991,-4.115249,0.792130,1.352228,0.000000,0.000000,1.424667,-1.533984,0.005287,1.340759,
50.359992,-4.115251,0.792130,1.352228,0.000000,0.000000,1.424667,-1.533984,0.005287,1.340759,
50.359993,-4.115252,0.792130,1.352228,0.000000,0.000000,1.424667,-1.533984,0.005287,1.340759,
50.359994,-4.115253,0.792130,1.352228,0.000000,0.000000,1.424667,-1.533984,0.005287,1.340759,
50.359995,-4.115255,0.792130,1.352228,0.000000,0.000000,1.424667,-1.533984,0.005287,1.340759,
50.359996,-4.115256,0.792130,1.352228,0.000000,0.000000,1.424667,-1.533984,0.005287,1.340759,
50.359997,-4.115258,0.792130,1.352228,0.000000,0.000000,1.424667,-1.533984,0.005287,1.340759,
50.359997,-4.115259,0.792130,1.352228,0.000000,0.000000,1.424667,-1.533984,0.005287,1.340759,
50.359998,-4.115260,0.792130,1.352228,0.000000,0.000000,1.424667,-1.533984,0.005287,1.340759,
50.359999,-4.115262,0.792130,1.352228,0.000000,0.000000,1.424667,-1.533984,0.005287,1.340759,
50.360000,-4.115263,0.792130,1.352228,0.000000,0.000000,1.424667,-1.533984,0.005287,1.340759,
50.360001,-4.115264,0.792130,1.352228,0.000000,-0.000000,1.424667,-1.533984,0.005287,1.340759,
50.360002,-4.115266,0.792130,1.352228,0.000000,-0.000000,1.424667,-1.533984,0.005287,1.340759,
50.360003,-4.115267,0.792130,1.352228,0.000000,-0.000000,1.424667,-1.533984,0.005287,1.340759,
50.360004,-4.115268,0.792130,1.352228,0.000000,-0.000000,1.424667,-1.533984,0.005287,1.340759,
50.360005,-4.115270,0.792130,1.352228,0.000000,-0.000000,1.424667,-1.533984,0.005287,1.340759,
50.360006,-4.115271,0.792130,1.352228,0.000000,-0.000000,1.424667,-1.533984,0.005287,1.340759,
50.360007,-4.115272,0.792130,1.352228,0.000000,-0.000000,1.424667,-1.533984,0.005287,1.340759,
50.360007,-4.115274,0.792130,1.352228,0.000000,-0.000000,1.424667,-1.533984,0.005287,1.340758,
50.360008,-4.115275,0.792130,1.352228,0.000000,0.000000,1.424667,-1.533984,0.005287,1.340759,
50.360009,-4.115276,0.792130,1.352228,0.000000,0.000000,1.424667,-1.533984,0.005287,1.340759,
50.360010,-4.115278,0.792130,1.352228,0.000000,0.000000,1.424667,-1.533984,0.005287,1.340759,
50.360011,-4.115279,0.792130,1.352228,0.000000,0.000000,1.424667,-1.533984,0.005287,1.340759,
50.360012,-4.115281,0.792130,1.352228,0.000000,0.000000,1.424667,-1.533984,0.005287,1.340759,
50.360013,-4.115282,0.792130,1.352228,0.000000,0.000000,1.424667,-1.533984,0.005287,1.340759,
50.360014,-4.115283,0.792130,1.352228,0.000000,0.000000,1.424667,-1.533984,0.005287,1.340759,
50.360015,-4.115285,0.792130,1.352228,0.000000,0.000000,1.424667,-1.533984,0.005287,1.340759,
50.360016,-4.115286,0.792130,1.352228,0.000000,0.000000,1.424667,-1.533984,0.005287,1.340759,
50.360017,-4.115287,0.792130,1.352228,0.000000,0.000000,1.424667,-1.533984,0.005287,1.340759,
50.360017,-4.115289,0.792130,1.352228,0.000000,0.000000,1.424667,-1.533984,0.005287,1.340759,
50.360018,-4.115290,0.792130,1.352228,0.000000,0.000000,1.424667,-1.533984,0.005287,1.340759,
50.360019,-4.115291,0.792130,1.352228,0.000000,0.000000,1.424667,-1.533984,-0.557173,0.777544,
50.360020,-4.115293,0.792130,1.352228,0.000000,0.000000,1.424667,-1.533984,-0.557173,0.777544,
50.360021,-4.115294,0.809137,1.327529,0.263948,0.000000,1.448344,-1.534390,-0.547678,0.777544,
50.360022,-4.115295,0.837876,1.306097,0.295381,0.000000,1.486791,-1.549279,-0.531276,0.777544,
50.360023,-4.115297,0.867306,1.288728,0.292720,-0.000000,1.525187,-1.567493,-0.514025,0.777544,
50.360024,-4.115298,0.896122,1.275651,0.285209,0.000000,1.562043,-1.587675,-0.496702,0.777544,
50.360024,-4.115300,0.924157,1.266224,0.277405,-0.000000,1.597399,-1.609123,-0.479453,0.777544,
50.360025,-4.115301,0.951426,1.259831,0.269924,0.000000,1.631482,-1.631383,-0.462314,0.777544,
50.360026,-4.115302,0.977963,1.255954,0.262760,0.000000,1.664496,-1.654117,-0.445304,0.777544,
50.360026,-4.115304,1.003795,1.254162,0.255825,0.000000,1.696601,-1.677062,-0.428445,0.777544,
50.360027,-4.115305,1.028940,1.254098,0.249036,0.000000,1.727910,-1.700007,-0.411760,0.777544,
50.360028,-4.115307,1.053409,1.255463,0.242325,0.000000,1.758500,-1.722783,-0.395273,0.777544,
50.360028,-4.115308,1.077207,1.258003,0.235642,-0.000000,1.788423,-1.745254,-0.379012,0.777544,
50.360029,-4.115310,1.100335,1.261501,0.228950,0.000000,1.817703,-1.767308,-0.363002,0.777544,
50.360029,-4.115312,1.122790,1.265771,0.222225,-0.000000,1.846349,-1.788857,-0.347272,0.777544,
50.360030,-4.115313,1.144569,1.270652,0.215451,-0.000000,1.874356,-1.809827,-0.331849,0.777544,
50.360031,-4.115315,1.165666,1.276004,0.208624,0.000000,1.901709,-1.830162,-0.316758,0.777544,
50.360031,-4.115317,1.186077,1.281703,0.201746,0.000000,1.928386,-1.849817,-0.302025,0.777544,
50.360031,-4.115318,1.205796,1.287641,0.194823,0.000000,1.954362,-1.868756,-0.287670,0.777544,
50.360032,-4.115320,1.224822,1.293723,0.187869,0.000000,1.979607,-1.886955,-0.273715,0.777544,
50.360032,-4.115322,1.243150,1.299866,0.180900,0.000000,2.004092,-1.904398,-0.260177,0.777544,
50.360033,-4.115323,1.260782,1.305997,0.173934,0.000000,2.027791,-1.921073,-0.247071,0.777544,
50.360033,-4.115325,1.277719,1.312050,0.166992,0.000000,2.050676,-1.936978,-0.234409,0.777544,
50.360034,-4.115327,1.293965,1.317971,0.160096,0.000000,2.072726,-1.952114,-0.222201,0.777544,
50.360034,-4.115329,1.309525,1.323711,0.153267,0.000000,2.093922,-1.966488,-0.210452,0.777544,
50.360034,-4.115331,1.324409,1.329231,0.146526,0.000000,2.114249,-1.980109,-0.199167,0.777544,
50.360035,-4.115332,1.338626,1.334496,0.139894,0.000000,2.133697,-1.992993,-0.188347,0.777544,
50.360035,-4.115334,1.352188,1.339478,0.133390,-0.000000,2.152260,-2.005157,-0.177989,0.777544,
50.360035,-4.115336,1.365109,1.344157,0.127032,-0.000000,2.169940,-2.016619,-0.168090,0.777544,
50.360036,-4.115338,1.377405,1.348515,0.120834,-0.000000,2.186738,-2.027401,-0.158644,0.777544,
50.360036,-4.115340,1.389093,1.352542,0.114810,0.000000,2.202664,-2.037528,-0.149643,0.777544,
50.360036,-4.115342,1.400191,1.356230,0.108972,-0.000000,2.217729,-2.047024,-0.141077,0.777544,
50.360036,-4.115343,1.410718,1.359576,0.103328,-0.000000,2.231951,-2.055913,-0.132936,0.777544,
50.360037,-4.115345,1.420694,1.362582,0.097886,-0.000000,2.245349,-2.064224,-0.125208,0.777544,
50.360037,-4.115347,1.430139,1.365251,0.092651,0.000000,2.257944,-2.071981,-0.117879,0.777544,
50.360037,-4.115349,1.439075,1.367589,0.087627,0.000000,2.269762,-2.079213,-0.110936,0.777544,
50.360037,-4.115351,1.447522,1.369607,0.082814,0.000000,2.280830,-2.085945,-0.104364,0.777544,
50.360037,-4.115353,1.455502,1.371315,0.078213,0.000000,2.291176,-2.092204,-0.098149,0.777544,
50.360038,-4.115355,1.463036,1.372726,0.073822,0.000000,2.300830,-2.098016,-0.092275,0.777544,
50.360038,-4.115357,1.470144,1.373854,0.069639,0.000000,2.309823,-2.103406,-0.086729,0.777544,
50.360038,-4.115359,1.476848,1.374715,0.065660,-0.000000,2.318187,-2.108399,-0.081494,0.777544,
50.360038,-4.115361,1.483166,1.375323,0.061881,0.000000,2.325952,-2.113019,-0.076557,0.777544,
50.360038,-4.115363,1.489120,1.375695,0.058295,-0.000000,2.333150,-2.117289,-0.071902,0.777544,
50.360039,-4.115365,1.494727,1.375847,0.054898,0.000000,2.339812,-2.121230,-0.067515,0.777544,
50.360039,-4.115366,1.500007,1.375797,0.051683,0.000000,2.345970,-2.124865,-0.063383,0.777544,
50.360039,-4.115368,1.504976,1.375559,0.048643,-0.000000,2.351652,-2.128213,-0.059492,0.777544,
50.360039,-4.115370,1.509653,1.375150,0.045770,0.000000,2.356889,-2.131294,-0.055829,0.777544,
50.360039,-4.115372,1.514053,1.374587,0.043059,0.000000,2.361707,-2.134125,-0.052381,0.777544,
50.360039,-4.115374,1.518192,1.373883,0.040502,0.000000,2.366135,-2.136725,-0.049137,0.777544,
50.360039,-4.115376,1.522085,1.373053,0.038091,-0.000000,2.370199,-2.139110,-0.046086,0.777544,
50.360039,-4.115378,1.525746,1.372111,0.035820,0.000000,2.373923,-2.141294,-0.043215,0.777544,
50.360040,-4.115380,1.529188,1.371070,0.033682,-0.000000,2.377332,-2.143293,-0.040515,0.777544,
50.360040,-4.115382,1.532425,1.369942,0.031669,-0.000000,2.380447,-2.145120,-0.037976,0.777544,
50.360040,-4.115384,1.535468,1.368740,0.029775,-0.000000,2.383290,-2.146788,-0.035589,0.777544,
50.360040,-4.115386,1.538330,1.367474,0.027994,0.000000,2.385881,-2.148309,-0.033343,0.777544,
50.360040,-4.115388,1.541020,1.366154,0.026320,-0.000000,2.388239,-2.149694,-0.031232,0.777544,
50.360040,-4.115390,1.543549,1.364790,0.024746,0.000000,2.390381,-2.150954,-0.029247,0.777544,
50.360040,-4.115391,1.545927,1.363390,0.023267,-0.000000,2.392326,-2.152099,-0.027381,0.777544,
50.360040,-4.115393,1.548163,1.361963,0.021877,0.000000,2.394087,-2.153137,-0.025625,0.777544,
50.360040,-4.115395,1.550266,1.360516,0.020571,-0.000000,2.395680,-2.154078,-0.023975,0.777544,
50.360040,-4.115397,1.552243,1.359055,0.019344,-0.000000,2.397119,-2.154928,-0.022423,0.777544,
50.360040,-4.115399,1.554103,1.357587,0.018192,0.000000,2.398415,-2.155695,-0.020963,0.777544,
50.360040,-4.115401,1.555851,1.356117,0.017110,0.000000,2.399581,-2.156387,-0.019590,0.777544,
50.360041,-4.115403,1.557496,1.354651,0.016093,0.000000,2.400627,-2.157009,-0.018298,0.777544,
50.360041,-4.115405,1.559043,1.353192,0.015139,-0.000000,2.401565,-2.157567,-0.017084,0.777544,
50.360041,-4.115407,1.560499,1.351745,0.014242,-0.000000,2.402402,-2.158067,-0.015941,0.777544,
50.360041,-4.115409,1.561868,1.350313,0.013400,0.000000,2.403148,-2.158514,-0.014865,0.777544,
50.360041,-4.115411,1.563156,1.348899,0.012608,-0.000000,2.403811,-2.158911,-0.013854,0.777544,
50.360041,-4.115412,1.564369,1.347506,0.011865,0.000000,2.404398,-2.159265,-0.012902,0.777544,
50.360041,-4.115414,1.565510,1.346137,0.011167,0.000000,2.404916,-2.159577,-0.012005,0.777544,
50.360041,-4.115416,1.566584,1.344794,0.010511,0.000000,2.405371,-2.159853,-0.011162,0.777544,
50.360041,-4.115418,1.567595,1.343477,0.009895,0.000000,2.405770,-2.160095,-0.010368,0.777544,
50.360041,-4.115420,1.568547,1.342190,0.009316,-0.000000,2.406117,-2.160307,-0.009621,0.777544,
50.360041,-4.115422,1.569443,1.340932,0.008771,0.000000,2.406416,-2.160491,-0.008917,0.777544,
50.360041,-4.115424,1.570287,1.339705,0.008260,-0.000000,2.406674,-2.160650,-0.008254,0.777544,
50.360041,-4.115426,1.571082,1.338510,0.007779,-0.000000,2.406893,-2.160786,-0.007630,0.777544,
50.360041,-4.115428,1.571830,1.337347,0.007327,-0.000000,2.407078,-2.160901,-0.007042,0.777544,
50.360041,-4.115429,1.572535,1.336216,0.006902,0.000000,2.407232,-2.160998,-0.006488,0.777544,
50.360041,-4.115431,1.573199,1.335118,0.006503,-0.000000,2.407359,-2.161078,-0.005967,0.777544,
50.360041,-4.115433,1.573825,1.334053,0.006127,-0.000000,2.407460,-2.161144,-0.005475,0.777544,
50.360042,-4.115435,1.574415,1.333021,0.005773,-0.000000,2.407538,-2.161196,-0.005012,0.777544,
50.360042,-4.115437,1.574971,1.332022,0.005441,0.000000,2.407597,-2.161235,-0.004576,0.777544,
50.360042,-4.115439,1.575494,1.331055,0.005128,0.000000,2.407638,-2.161264,-0.004164,0.777544,
50.360042,-4.115441,1.575988,1.330121,0.004834,-0.000000,2.407664,-2.161283,-0.003777,0.777544,
50.360042,-4.115442,1.576453,1.329218,0.004557,-0.000000,2.407675,-2.161294,-0.003411,0.777544,
50.360042,-4.115444,1.576892,1.328347,0.004296,0.000000,2.407674,-2.161297,-0.003066,0.777544,
50.360042,-4.115446,1.577306,1.327506,0.004051,-0.000000,2.407662,-2.161294,-0.002742,0.777544,
50.360042,-4.115448,1.577696,1.326695,0.003820,0.000000,2.407641,-2.161284,-0.002435,0.777544,
50.360042,-4.115450,1.578064,1.325914,0.003602,-0.000000,2.407611,-2.161270,-0.002146,0.777544,
50.360042,-4.115452,1.578411,1.325162,0.003397,-0.000000,2.407574,-2.161251,-0.001874,0.777544,
50.360042,-4.115454,1.578737,1.324438,0.003204,-0.000000,2.407532,-2.161228,-0.001617,0.777544,
50.360042,-4.115456,1.579046,1.323742,0.003023,-0.000000,2.407483,-2.161202,-0.001375,0.777544,
50.360042,-4.115457,1.579337,1.323073,0.002852,0.000000,2.407431,-2.161173,-0.001146,0.777544,
50.360042,-4.115459,1.579612,1.322430,0.002690,0.000000,2.407375,-2.161142,-0.000930,0.777544,
50.360042,-4.115461,1.579871,1.321812,0.002538,-0.000000,2.407315,-2.161109,-0.000727,0.777544,
50.360042,-4.115463,1.580116,1.321219,0.002395,0.000000,2.407254,-2.161074,-0.000535,0.777544,
50.360042,-4.115465,1.580346,1.320650,0.002260,0.000000,2.407190,-2.161038,-0.000353,0.777544,
50.360042,-4.115467,1.580564,1.320103,0.002133,0.000000,2.407125,-2.161000,-0.000182,0.777544,
50.360042,-4.115469,1.580770,1.319580,0.002013,-0.000000,2.407059,-2.160963,-0.000021,0.777544,
50.360042,-4.115470,1.580964,1.319078,0.001900,-0.000000,2.406992,-2.160924,0.000131,0.777544,
50.360042,-4.115472,1.581147,1.318597,0.001794,0.000000,2.406925,-2.160885,0.000275,0.777544,
50.360042,-4.115474,1.581320,1.318136,0.001693,0.000000,2.406858,-2.160846,0.785398,0.000000,
50.360043,-4.115476,1.581483,1.317695,0.001599,0.000000,2.406791,-2.160808,0.785398,0.000000,
50.360043,-4.115478,1.564059,1.215439,-0.268623,-0.000000,2.333353,-2.111948,0.785398,0.000000,
50.360043,-4.115479,1.535393,1.127960,-0.289320,-0.000000,2.261105,-2.057308,0.785398,0.000000,
50.360043,-4.115481,1.507165,1.052265,-0.275328,0.000000,2.199912,-2.004805,0.785398,0.000000,
50.360043,-4.115482,1.480547,0.986118,-0.258803,0.000000,2.148703,-1.955243,0.785398,0.000000,
50.360043,-4.115484,1.455517,0.927818,-0.243573,0.000000,2.105697,-1.908554,0.785398,0.000000,
50.360043,-4.115485,1.431923,0.876044,-0.229938,0.000000,2.069391,-1.864551,0.785398,0.000000,
50.360043,-4.115486,1.409611,0.829756,-0.217731,0.000000,2.038586,-1.823038,0.785398,0.000000,
50.360044,-4.115487,1.388451,0.788125,-0.206754,0.000000,2.012332,-1.783827,0.785398,0.000000,
50.360044,-4.115488,1.368330,0.750482,-0.196831,0.000000,1.989868,-1.746744,0.785398,0.000000,
50.360044,-4.115489,1.349149,0.716277,-0.187819,0.000000,1.970583,-1.711628,0.785398,0.000000,
50.360044,-4.115490,1.330825,0.685061,-0.179598,0.000000,1.953976,-1.678329,0.785398,0.000000,
50.360044,-4.115491,1.313285,0.656458,-0.172068,0.000000,1.939640,-1.646712,0.785398,0.000000,
50.360045,-4.115492,1.296464,0.630151,-0.165144,0.000000,1.927238,-1.616651,0.785398,0.000000,
50.360045,-4.115493,1.280305,0.605876,-0.158758,-0.000000,1.916491,-1.588032,0.785398,0.000000,
50.360045,-4.115494,1.264758,0.583405,-0.152848,0.000000,1.907165,-1.560749,0.785398,0.000000,
50.360045,-4.115494,1.249778,0.562543,-0.147362,-0.000000,1.899066,-1.534706,0.785398,0.000000,
50.360045,-4.115495,1.235326,0.543125,-0.142258,0.000000,1.892027,-1.509817,0.785398,0.000000,
50.360046,-4.115496,1.221364,0.525005,-0.137496,0.000000,1.885911,-1.486002,0.785398,0.000000,
50.360046,-4.115497,1.207862,0.508056,-0.133043,0.000000,1.880596,-1.463186,0.785398,0.000000,
50.360046,-4.115497,1.194790,0.492169,-0.128869,0.000000,1.875984,-1.441303,0.785398,0.000000,
50.360046,-4.115498,1.182120,0.477247,-0.124950,0.000000,1.871985,-1.420292,0.785398,0.000000,
50.360046,-4.115499,1.169830,0.463205,-0.121263,0.000000,1.868526,-1.400095,0.785398,0.000000,
50.360047,-4.115499,1.157896,0.449966,-0.117787,0.000000,1.865541,-1.380663,0.785398,0.000000,
50.360047,-4.115500,1.146300,0.437464,-0.114505,0.000000,1.862975,-1.361946,0.785398,0.000000,
50.360047,-4.115500,1.135021,0.425639,-0.111402,-0.000000,1.860779,-1.343902,0.785398,0.000000,
50.360047,-4.115501,1.124044,0.414437,-0.108462,0.000000,1.858910,-1.326489,0.785398,0.000000,
50.360048,-4.115501,1.113352,0.403810,-0.105674,0.000000,1.857332,-1.309672,0.785398,0.000000,
50.360048,-4.115502,1.102932,0.393716,-0.103026,0.000000,1.856011,-1.293415,0.785398,0.000000,
50.360048,-4.115502,1.092769,0.384114,-0.100507,0.000000,1.854920,-1.277687,0.785398,0.000000,
50.360048,-4.115503,1.082851,0.374970,-0.098109,0.000000,1.854034,-1.262458,0.785398,0.000000,
50.360048,-4.115503,1.073167,0.366252,-0.095822,0.000000,1.853329,-1.247702,0.785398,0.000000,
50.360049,-4.115504,1.063705,0.357930,-0.093640,0.000000,1.852787,-1.233393,0.785398,0.000000,
50.360049,-4.115504,1.054457,0.349979,-0.091555,-0.000000,1.852390,-1.219508,0.785398,0.000000,
50.360049,-4.115505,1.045412,0.342373,-0.089561,0.000000,1.852122,-1.206025,0.785398,0.000000,
50.360049,-4.115505,1.036561,0.335091,-0.087652,0.000000,1.851971,-1.192923,0.785398,0.000000,
50.360049,-4.115505,1.027897,0.328113,-0.085823,-0.000000,1.851923,-1.180185,0.785398,0.000000,
50.360050,-4.115506,1.019412,0.321420,-0.084069,0.000000,1.851968,-1.167791,0.785398,0.000000,
50.360050,-4.115506,1.011098,0.314995,-0.082385,-0.000000,1.852096,-1.155726,0.785398,0.000000,
50.360050,-4.115506,1.002949,0.308822,-0.080767,-0.000000,1.852299,-1.143975,0.785398,0.000000,
50.360050,-4.115507,0.994959,0.302886,-0.079212,0.000000,1.852568,-1.132522,0.785398,0.000000,
50.360050,-4.115507,0.987120,0.297175,-0.077715,0.000000,1.852897,-1.121354,0.785398,0.000000,
50.360051,-4.115508,0.979428,0.291675,-0.076274,0.000000,1.853279,-1.110459,0.785398,0.000000,
50.360051,-4.115508,0.971878,0.286375,-0.074886,0.000000,1.853708,-1.099825,0.785398,0.000000,
50.360051,-4.115508,0.964463,0.281265,-0.073547,-0.000000,1.854181,-1.089440,0.785398,0.000000,
50.360051,-4.115509,0.957180,0.276334,-0.072256,-0.000000,1.854691,-1.079294,0.785398,0.000000,
50.360051,-4.115509,0.950023,0.271572,-0.071008,-0.000000,1.855235,-1.069378,0.785398,0.000000,
50.360052,-4.115509,0.942989,0.266973,-0.069804,0.000000,1.855809,-1.059680,0.785398,0.000000,
50.360052,-4.115509,0.936073,0.262526,-0.068639,-0.000000,1.856409,-1.050194,0.785398,0.000000,
50.360052,-4.115510,0.929271,0.258226,-0.067513,0.000000,1.857033,-1.040910,0.000000,0.000000,
50.360052,-4.115510,0.922580,0.254064,-0.066423,0.000000,1.857678,-1.031821,0.000000,0.000000,
50.360052,-4.115510,0.916977,0.253206,-0.046769,0.000000,1.856904,-1.025427,0.000000,0.000000,
50.360053,-4.115511,0.913173,0.252354,-0.031769,-0.000000,1.856526,-1.020962,0.000000,0.000000,
50.360053,-4.115511,0.910588,0.251507,-0.021608,-0.000000,1.856415,-1.017804,0.000000,0.000000,
50.360053,-4.115511,0.908828,0.250666,-0.014716,0.000000,1.856482,-1.015534,0.000000,0.000000,
50.360053,-4.115511,0.907629,0.249831,-0.010036,0.000000,1.856668,-1.013867,0.000000,0.000000,
50.360053,-4.115512,0.906810,0.249001,-0.006853,-0.000000,1.856934,-1.012611,0.000000,0.000000,
50.360054,-4.115512,0.906251,0.248177,-0.004685,-0.000000,1.857253,-1.011636,0.000000,0.000000,
50.360054,-4.115512,0.905868,0.247358,-0.003208,0.000000,1.857607,-1.010853,0.000000,0.000000,
50.360054,-4.115513,0.905606,0.246545,-0.002199,0.000000,1.857984,-1.010201,0.000000,0.000000,
50.360054,-4.115513,0.905427,0.245737,-0.001509,0.000000,1.858377,-1.009640,0.000000,0.000000,
50.360054,-4.115513,0.905303,0.244934,-0.001037,0.000000,1.858778,-1.009143,0.000000,0.000000,
50.360054,-4.115513,0.905218,0.244137,-0.000714,-0.000000,1.859186,-1.008689,0.000000,0.000000,
50.360055,-4.115514,0.905160,0.243344,-0.000492,0.000000,1.859596,-1.008266,0.000000,0.000000,
50.360055,-4.115514,0.905119,0.242557,-0.000339,-0.000000,1.860008,-1.007864,0.000000,0.000000,
50.360055,-4.115514,0.905091,0.241775,-0.000234,-0.000000,1.860420,-1.007479,0.000000,0.000000,
50.360055,-4.115514,0.905072,0.240998,-0.000162,0.000000,1.860831,-1.007105,0.000000,0.000000,
50.360055,-4.115515,0.905059,0.240225,-0.000112,0.000000,1.861241,-1.006741,0.000000,0.000000,
50.360056,-4.115515,0.905050,0.239458,-0.000078,-0.000000,1.861649,-1.006382,0.000000,0.000000,
50.360056,-4.115515,0.905043,0.238696,-0.000054,0.000000,1.862056,-1.006030,0.000000,0.000000,
50.360056,-4.115515,0.905039,0.237938,-0.000037,-0.000000,1.862461,-1.005681,0.000000,0.000000,
50.360056,-4.115516,0.905036,0.237186,-0.000026,-0.000000,1.862863,-1.005337,0.000000,0.000000,
50.360056,-4.115516,0.905034,0.236438,-0.000018,0.000000,1.863264,-1.004996,0.000000,0.000000,
50.360057,-4.115516,0.905032,0.235694,-0.000013,0.000000,1.863662,-1.004657,0.000000,0.000000,
50.360057,-4.115517,0.905031,0.234956,-0.000009,0.000000,1.864058,-1.004322,0.000000,0.000000,
50.360057,-4.115517,0.905030,0.234222,-0.000006,0.000000,1.864452,-1.003989,0.000000,0.000000,
50.360057,-4.115517,0.905030,0.233492,-0.000004,0.000000,1.864843,-1.003658,0.000000,0.000000,
50.360057,-4.115517,0.905030,0.232768,-0.000003,0.000000,1.865233,-1.003330,0.000000,0.000000,
50.360057,-4.115518,0.905029,0.232047,-0.000002,0.000000,1.865620,-1.003004,0.000000,0.000000,
50.360058,-4.115518,0.905029,0.231331,-0.000001,-0.000000,1.866005,-1.002681,0.000000,0.000000,
50.360058,-4.115518,0.905029,0.230620,-0.000001,-0.000000,1.866388,-1.002359,0.000000,0.000000,
50.360058,-4.115518,0.905029,0.229912,-0.000001,0.000000,1.866769,-1.002040,0.000000,0.000000,
50.360058,-4.115519,0.905029,0.229210,-0.000001,0.000000,1.867148,-1.001723,0.000000,0.000000,
50.360058,-4.115519,0.905029,0.228511,-0.000000,0.000000,1.867524,-1.001407,0.000000,0.000000,
50.360059,-4.115519,0.905029,0.227817,-0.000000,0.000000,1.867898,-1.001094,0.000000,0.000000,
50.360059,-4.115519,0.905029,0.227127,-0.000000,-0.000000,1.868271,-1.000783,0.000000,0.000000,
50.360059,-4.115520,0.905029,0.226441,-0.000000,0.000000,1.868641,-1.000474,0.000000,0.000000,
50.360059,-4.115520,0.905029,0.225759,-0.000000,0.000000,1.869009,-1.000167,0.000000,0.000000,
50.360059,-4.115520,0.905029,0.225081,-0.000000,0.000000,1.869375,-0.999862,0.000000,0.000000,
50.360059,-4.115520,0.905029,0.224407,-0.000000,0.000000,1.869739,-0.999559,0.000000,0.000000,
50.360060,-4.115521,0.905029,0.223738,-0.000000,0.000000,1.870102,-0.999258,0.000000,0.000000,
50.360060,-4.115521,0.905029,0.223072,-0.000000,0.000000,1.870462,-0.998958,0.000000,0.000000,
50.360060,-4.115521,0.905029,0.222410,-0.000000,0.000000,1.870820,-0.998661,0.000000,0.000000,
50.360060,-4.115521,0.905029,0.221753,-0.000000,0.000000,1.871176,-0.998365,0.000000,0.000000,
50.360060,-4.115522,0.905029,0.221099,-0.000000,0.000000,1.871531,-0.998072,0.000000,0.000000,
50.360061,-4.115522,0.905029,0.220449,-0.000000,0.000000,1.871883,-0.997780,0.000000,0.000000,
50.360061,-4.115522,0.905029,0.219802,-0.000000,0.000000,1.872233,-0.997490,0.000000,0.000000,
50.360061,-4.115522,0.905029,0.219160,-0.000000,0.000000,1.872582,-0.997201,0.000000,0.000000,
0,0,0,0,0,0.38358,0,0,0,0
